DATAEVENT	MODEL	GLogger
DATAEVENT	VERSION	2.2.38
DATAEVENT	NAME	smart3-01382
DATAEVENT	SN	smart3-01382
DATAEVENT	GPS	GPS 18x-LVC software ver. 4.40
DATADIAGH	NO_GPS	NO_SONIC	NO_METHANE	GPS_LOC_INVALID	SONIC_FAIL	METHANE_FAIL	NOOP100	GPS_NO_DGPS	SONIC_WARN	METHANE_WARN	NOOP10	NOOP8	NOOP4	NOOP2	NOOP1
DATAGPSH	SECONDS	NANOSECONDS	DIAG	LAT	LONG	ELEV	NUMSAT	HORIZDILUTION	GEOIDALHEIGHT	VELOCITY	DIRECTION	CHK
DATASONICH	SECONDS	NANOSECONDS	DIAG	U	V	W	SOS	TEMP	AIN1	AIN2	AIN3	AIN4	CHK
DATADAQMH	SECONDS	NANOSECONDS	THERMISTOR_1_1_1	Relay_1_1_1	Relay_2_1_1	Relay_3_1_1	SWC_1_1_1	TS_1_1_1	SWC_2_1_1	TS_2_1_1	SWC_3_1_1	TS_3_1_1	SWC_4_1_1	TS_4_1_1	SWC_5_1_1	TS_5_1_1	SWC_6_1_1	TS_6_1_1	TC_1_1_1	TSENSOR_1_1_1	SHFSENS_1_1_1	SHF_1_1_1	SHFSENS_2_1_1	SHF_2_1_1	SHFSENS_3_1_1	SHF_3_1_1	SWIN_1_1_1	SWOUT_1_1_1	LWIN_1_1_1	LWOUT_1_1_1	TCNR4_C_1_1_1	RN_1_1_1	ALB_1_1_1	TA_1_1_1	RH_1_1_1	PPFD_1_1_1	P_RAIN_1_1_1	TS_7_1_1	TS_8_1_1	TS_9_1_1	DAQM_V_1_1_1	DAQM_T_1_1_1	DRM_POWER_STATUS_1_1_1	DRM_V_BATTERY_1_1_1	DRM_V_MAIN_1_1_1	CHK
DATADAQMU	seconds	nanoseconds	OTHER	AMP	AMP	AMP	m+3m-3	C	m+3m-3	C	m+3m-3	C	m+3m-3	C	m+3m-3	C	m+3m-3	C	C	C	NONE	W+1m-2	NONE	W+1m-2	NONE	W+1m-2	W+1m-2	W+1m-2	W+1m-2	W+1m-2	C	W+1m-2	dimensionless	C	%	umol+1m-2s-1	mm	C	C	C	V	C	Other	V	V	CHK
DATASONIC	1784349797	703107788	0	1.632	-3.441	-0.111	347.201	26.83	0	0	0	0	142
DATASONIC	1784349797	753100310	0	1.868	-3.713	0.051	347.178	26.79	0	0	0	0	110
DATASONIC	1784349797	803045168	0	1.866	-3.907	-0.452	347.172	26.78	0	0	0	0	171
DATASONIC	1784349797	853044356	0	1.541	-3.789	-0.305	347.213	26.85	0	0	0	0	163
DATASONIC	1784349797	902964465	0	1.8	-3.597	-0.25	347.103	26.66	0	0	0	0	017
DATASONIC	1784349797	952960903	0	1.536	-3.335	-0.215	347.109	26.67	0	0	0	0	163
DATASONIC	1784349798	2903428	0	1.778	-3.71	0.128	347.138	26.72	0	0	0	0	222
DATASONIC	1784349798	52881117	0	1.568	-4.015	0.053	347.051	26.57	0	0	0	0	057
DATASONIC	1784349798	102831308	0	1.264	-3.957	0.167	347.132	26.71	0	0	0	0	107
DATASONIC	1784349798	152796539	0	1.147	-3.951	0.227	347.138	26.72	0	0	0	0	126
DATASONIC	1784349798	202734522	0	0.967	-3.395	0.268	347.178	26.79	0	0	0	0	133
DATASONIC	1784349798	252716295	0	1.121	-3.474	0.364	347.161	26.76	0	0	0	0	112
DATASONIC	1784349798	302651944	0	1.355	-3.459	0.471	347.213	26.85	0	0	0	0	116
DATASONIC	1784349798	352629592	0	1.148	-3.551	0.394	347.242	26.9	0	0	0	0	072
DATAGPS	1784349798	0	0	41.0437433333	-107.680095	1899.2	9	0.9	-14.5	0	0	015
DATASONIC	1784349798	402567199	0	1.359	-3.493	0.296	347.259	26.93	0	0	0	0	141
DATASONIC	1784349798	452549014	0	1.659	-3.538	-0.288	347.213	26.85	0	0	0	0	172
DATASONIC	1784349798	502474872	0	1.656	-3.53	-0.109	347.248	26.91	0	0	0	0	115
DATASONIC	1784349798	552439895	0	1.735	-3.236	-0.652	347.439	27.24	0	0	0	0	177
DATASONIC	1784349798	602405294	0	1.815	-3.444	-0.813	347.519	27.38	0	0	0	0	162
DATASONIC	1784349798	652356692	0	2.087	-3.346	-0.418	347.537	27.41	0	0	0	0	172
DATASONIC	1784349798	702319799	0	1.853	-3.312	-0.86	347.502	27.35	0	0	0	0	116
DATASONIC	1784349798	752301488	0	2.152	-3.188	-0.835	347.508	27.36	0	0	0	0	168
DATASONIC	1784349798	802219888	0	2.242	-3.151	-0.065	347.467	27.29	0	0	0	0	167
DATASONIC	1784349798	852243285	0	2.174	-3.494	-0.212	347.41	27.19	0	0	0	0	107
DATASONIC	1784349798	902172934	0	1.931	-3.155	-0.595	347.531	27.4	0	0	0	0	111
DATASONIC	1784349798	952159457	0	1.568	-3.368	-0.629	347.519	27.38	0	0	0	0	192
DATASONIC	1784349799	2129813	0	1.698	-3.533	-0.611	347.548	27.43	0	0	0	0	063
DATASONIC	1784349799	52081545	0	1.492	-3.696	-0.593	347.45	27.26	0	0	0	0	071
DATASONIC	1784349799	102042861	0	1.276	-3.492	-0.589	347.479	27.31	0	0	0	0	167
DATASONIC	1784349799	151993509	0	1.379	-3.484	-0.316	347.502	27.35	0	0	0	0	169
DATASONIC	1784349799	201958783	0	1.454	-3.172	-0.262	347.45	27.26	0	0	0	0	112
DATASONIC	1784349799	251913473	0	1.627	-3.104	-0.242	347.502	27.35	0	0	0	0	145
DATASONIC	1784349799	301814165	0	1.495	-2.764	-0.038	347.467	27.29	0	0	0	0	169
DATASONIC	1784349799	351803521	0	1.401	-2.935	-0.3	347.439	27.24	0	0	0	0	045
DATAGPS	1784349799	0	0	41.0437433333	-107.680095	1899.2	9	0.9	-14.5	0	0	016
DATASONIC	1784349799	401743629	0	1.526	-2.782	-0.288	347.421	27.21	0	0	0	0	160
DATASONIC	1784349799	451695986	0	1.675	-2.794	-0.589	347.537	27.41	0	0	0	0	199
DATASONIC	1784349799	501689134	0	1.381	-2.758	-0.76	347.508	27.36	0	0	0	0	122
DATASONIC	1784349799	551638866	0	1.405	-2.727	-0.629	347.548	27.43	0	0	0	0	180
DATASONIC	1784349799	601586974	0	1.017	-3.044	-0.095	347.479	27.31	0	0	0	0	167
DATASONIC	1784349799	651537040	0	0.7	-2.781	0.072	347.502	27.35	0	0	0	0	002
DATASONIC	1784349799	701479856	0	0.749	-2.887	-0.017	347.467	27.29	0	0	0	0	191
DATASONIC	1784349799	751453047	0	0.452	-3.246	-0.207	347.421	27.21	0	0	0	0	144
DATASONIC	1784349799	801316616	0	0.743	-3.253	-0.216	347.531	27.4	0	0	0	0	096
DATASONIC	1784349799	851263765	0	1.149	-3.451	0.124	347.508	27.36	0	0	0	0	118
DATASONIC	1784349799	901235581	0	0.894	-3.157	0.355	347.462	27.28	0	0	0	0	124
DATASONIC	1784349799	951183188	0	1.181	-3.447	0.356	347.398	27.17	0	0	0	0	133
DATASONIC	1784349800	1150920	0	1.263	-3.196	0.158	347.421	27.21	0	0	0	0	234
DATASONIC	1784349800	51133694	0	1.255	-3.658	0.342	347.34	27.07	0	0	0	0	251
DATASONIC	1784349800	101109717	0	1.127	-3.475	0.222	347.329	27.05	0	0	0	0	083
DATASONIC	1784349800	151022743	0	1.122	-3.355	0.529	347.323	27.04	0	0	0	0	076
DATASONIC	1784349800	200995516	0	0.844	-3.154	0.533	347.329	27.05	0	0	0	0	097
DATASONIC	1784349800	250973331	0	1.213	-2.927	0.751	347.311	27.02	0	0	0	0	081
DATASONIC	1784349800	300912898	0	1.118	-3.216	0.668	347.259	26.93	0	0	0	0	111
DATASONIC	1784349800	350838590	0	0.994	-3.285	0.5	347.358	27.1	0	0	0	0	216
DATAGPS	1784349800	0	0	41.0437433333	-107.680095	1899.2	9	0.9	-14.5	0	0	255
DATASONIC	1784349800	400802405	0	1.156	-3.838	0.065	347.3	27	0	0	0	0	091
DATASONIC	1784349800	450724389	0	1.392	-4.069	-0.411	347.201	26.83	0	0	0	0	141
DATASONIC	1784349800	500697746	0	1.975	-3.165	-0.597	347.323	27.04	0	0	0	0	160
DATASONIC	1784349800	550642812	0	2.042	-2.955	0.087	347.23	26.88	0	0	0	0	050
DATASONIC	1784349800	600608502	0	1.993	-2.937	0.414	347.259	26.93	0	0	0	0	107
DATASONIC	1784349800	650549819	0	1.562	-2.859	0.628	347.282	26.97	0	0	0	0	129
DATASONIC	1784349800	700527425	0	1.509	-2.937	0.272	347.172	26.78	0	0	0	0	104
DATASONIC	1784349800	750508324	0	1.74	-3.008	0.868	347.178	26.79	0	0	0	0	063
DATASONIC	1784349800	800442515	0	1.715	-3.628	1.254	347.172	26.78	0	0	0	0	099
DATASONIC	1784349800	850395039	0	1.415	-4.04	1.101	347.028	26.53	0	0	0	0	034
DATASONIC	1784349800	900353563	0	2.123	-3.538	0.987	347.08	26.62	0	0	0	0	053
DATASONIC	1784349800	950313129	0	2.265	-3.468	-0.235	347.259	26.93	0	0	0	0	152
DATASONIC	1784349801	272236	0	2.611	-3.555	0.176	347.091	26.64	0	0	0	0	197
DATASONIC	1784349801	50258218	0	2.238	-4.273	0.44	347.201	26.83	0	0	0	0	245
DATASONIC	1784349801	100195326	0	2.389	-3.969	0.362	347.282	26.97	0	0	0	0	116
DATASONIC	1784349801	150171349	0	2.317	-4.027	0.47	347.467	27.29	0	0	0	0	050
DATASONIC	1784349801	200134790	0	2.531	-4.122	0.38	347.421	27.21	0	0	0	0	021
DATASONIC	1784349801	250088356	0	2.333	-4.492	0.164	347.439	27.24	0	0	0	0	102
DATASONIC	1784349801	300049838	0	1.961	-4.726	0.217	347.462	27.28	0	0	0	0	105
DATASONIC	1784349801	350007321	0	2.25	-4.385	-0.005	347.502	27.35	0	0	0	0	069
DATAGPS	1784349801	0	0	41.0437433333	-107.680095	1899.2	9	0.9	-14.5	0	0	000
DATASONIC	1784349801	399966011	0	2.084	-4.429	-0.211	347.479	27.31	0	0	0	0	152
DATASONIC	1784349801	449926902	0	2.207	-4.526	-0.133	347.41	27.19	0	0	0	0	094
DATASONIC	1784349801	499886830	0	2.244	-5.063	0.048	347.34	27.07	0	0	0	0	061
DATASONIC	1784349801	549844007	0	2.256	-4.724	-0.512	347.467	27.29	0	0	0	0	156
DATASONIC	1784349801	599806226	0	2.449	-4.332	-0.062	347.537	27.41	0	0	0	0	153
DATASONIC	1784349801	649756071	0	2.896	-4.283	-0.184	347.34	27.07	0	0	0	0	113
DATASONIC	1784349801	699732831	0	2.518	-4.696	0.287	347.439	27.24	0	0	0	0	130
DATASONIC	1784349801	749679425	0	2.706	-5.231	-0.277	347.45	27.26	0	0	0	0	111
DATASONIC	1784349801	799640270	0	1.931	-5.604	-0.434	347.323	27.04	0	0	0	0	143
DATASONIC	1784349801	849621113	0	2.181	-5.679	-0.243	347.329	27.05	0	0	0	0	149
DATASONIC	1784349801	899320175	0	1.798	-5.516	-0.378	347.427	27.22	0	0	0	0	168
DATASONIC	1784349801	949248728	0	1.847	-5.616	-0.247	347.34	27.07	0	0	0	0	117
DATASONIC	1784349801	999187615	0	2.182	-5.282	-0.528	347.201	26.83	0	0	0	0	160
DATASONIC	1784349802	49161417	0	1.823	-5.329	0.045	347.34	27.07	0	0	0	0	252
DATASONIC	1784349802	99103053	0	1.25	-5.149	-0.073	347.311	27.02	0	0	0	0	026
DATASONIC	1784349802	149076480	0	2.176	-4.785	-0.196	347.358	27.1	0	0	0	0	112
DATASONIC	1784349802	199021616	0	2.012	-4.823	-0.134	347.23	26.88	0	0	0	0	085
DATASONIC	1784349802	248999293	0	1.918	-4.838	-0.383	347.288	26.98	0	0	0	0	193
DATASONIC	1784349802	298964762	0	2.141	-4.94	-0.446	347.352	27.09	0	0	0	0	111
DATASONIC	1784349802	348916940	0	2.253	-4.74	-0.308	347.369	27.12	0	0	0	0	103
DATAGPS	1784349802	0	0	41.0437433333	-107.680095	1899.2	9	0.9	-14.5	0	0	001
DATASONIC	1784349802	398855660	0	2.158	-4.764	-0.577	347.352	27.09	0	0	0	0	173
DATASONIC	1784349802	448828462	0	1.952	-4.556	-0.541	347.34	27.07	0	0	0	0	107
DATASONIC	1784349802	498774681	0	2.559	-5.026	-0.465	347.219	26.86	0	0	0	0	176
DATASONIC	1784349802	548752400	0	1.965	-4.983	-0.562	347.3	27	0	0	0	0	162
DATASONIC	1784349802	598715994	0	2.101	-4.896	0.183	347.311	27.02	0	0	0	0	110
DATASONIC	1784349802	648667588	0	1.828	-5.161	0.73	347.248	26.91	0	0	0	0	078
DATASONIC	1784349802	698606600	0	1.572	-5.076	-0.093	347.259	26.93	0	0	0	0	161
DATASONIC	1784349802	748585110	0	1.586	-5.062	-0.349	347.358	27.1	0	0	0	0	105
DATASONIC	1784349802	798524538	0	1.695	-5.115	-0.383	347.381	27.14	0	0	0	0	163
DATASONIC	1784349802	848497298	0	1.612	-4.955	-0.718	347.3	27	0	0	0	0	177
DATASONIC	1784349802	898441684	0	1.759	-4.995	-0.611	347.381	27.14	0	0	0	0	174
DATASONIC	1784349802	948419320	0	1.688	-4.841	-0.641	347.369	27.12	0	0	0	0	160
DATASONIC	1784349802	998360039	0	1.493	-4.83	-0.595	347.34	27.07	0	0	0	0	064
DATASONIC	1784349803	48336050	0	2.193	-4.361	-0.473	347.3	27	0	0	0	0	094
DATASONIC	1784349803	98303435	0	1.951	-4.631	-0.692	347.392	27.16	0	0	0	0	104
DATASONIC	1784349803	148249238	0	1.692	-4.754	-0.948	347.34	27.07	0	0	0	0	115
DATASONIC	1784349803	198195083	0	1.81	-4.715	-0.943	347.427	27.22	0	0	0	0	105
DATASONIC	1784349803	248167510	0	2.148	-4.826	-0.927	347.467	27.29	0	0	0	0	164
DATASONIC	1784349803	298137062	0	2.246	-4.428	-0.848	347.6	27.52	0	0	0	0	056
DATASONIC	1784349803	348085739	0	1.865	-3.898	-0.783	347.323	27.04	0	0	0	0	174
DATAGPS	1784349803	0	0	41.0437433333	-107.680095	1899.2	9	0.9	-14.5	0	0	002
DATASONIC	1784349803	398029293	0	1.87	-4.065	0.349	347.462	27.28	0	0	0	0	070
DATASONIC	1784349803	448002557	0	1.767	-4.796	0.068	347.358	27.1	0	0	0	0	069
DATASONIC	1784349803	497946868	0	1.631	-4.579	0.086	347.358	27.1	0	0	0	0	084
DATASONIC	1784349803	547919553	0	1.371	-4.704	0.084	347.288	26.98	0	0	0	0	125
DATASONIC	1784349803	597864948	0	1.49	-4.608	0.088	347.329	27.05	0	0	0	0	083
DATASONIC	1784349803	647835591	0	1.208	-4.208	0.086	347.282	26.97	0	0	0	0	118
DATASONIC	1784349803	697782652	0	1.091	-4.669	0.161	347.288	26.98	0	0	0	0	134
DATASONIC	1784349803	747755504	0	1.311	-4.47	-0.173	347.282	26.97	0	0	0	0	104
DATASONIC	1784349803	797726522	0	1.345	-4.502	-0.299	347.352	27.09	0	0	0	0	159
DATASONIC	1784349803	847463299	0	1.502	-4.532	-0.043	347.491	27.33	0	0	0	0	150
DATASONIC	1784349803	897409735	0	2.138	-4.102	-0.154	347.369	27.12	0	0	0	0	153
DATASONIC	1784349803	947382212	0	1.462	-4.143	0.167	347.398	27.17	0	0	0	0	109
DATASONIC	1784349803	997353022	0	1.574	-4.025	0.02	347.439	27.24	0	0	0	0	048
DATASONIC	1784349804	47297333	0	1.959	-3.999	-0.331	347.427	27.22	0	0	0	0	118
DATASONIC	1784349804	97243477	0	1.893	-3.961	0.07	347.421	27.21	0	0	0	0	009
DATASONIC	1784349804	147214204	0	1.574	-4.14	0.016	347.381	27.14	0	0	0	0	032
DATASONIC	1784349804	197186472	0	1.113	-4.235	1.009	347.282	26.97	0	0	0	0	107
DATASONIC	1784349804	247131325	0	1.542	-4.09	0.822	347.369	27.12	0	0	0	0	043
DATASONIC	1784349804	297103427	0	1.895	-4.577	0.483	347.23	26.88	0	0	0	0	073
DATASONIC	1784349804	347048571	0	1.354	-4.808	0.656	347.398	27.17	0	0	0	0	122
DATAGPS	1784349804	0	0	41.0437433333	-107.680095	1899.2	9	0.9	-14.5	0	0	003
DATASONIC	1784349804	397021339	0	1.478	-4.816	0.452	347.398	27.17	0	0	0	0	120
DATASONIC	1784349804	446969442	0	1.224	-4.723	0.334	347.358	27.1	0	0	0	0	057
DATASONIC	1784349804	496938127	0	1.682	-5.111	0.266	347.34	27.07	0	0	0	0	059
DATASONIC	1784349804	546884313	0	1.7	-4.695	0.36	347.398	27.17	0	0	0	0	228
DATASONIC	1784349804	596856248	0	1.693	-4.691	0.29	347.479	27.31	0	0	0	0	084
DATASONIC	1784349804	646802184	0	1.372	-4.86	0.231	347.358	27.1	0	0	0	0	002
DATASONIC	1784349804	696773994	0	1.796	-4.809	-0.049	347.45	27.26	0	0	0	0	136
DATASONIC	1784349804	746718180	0	1.736	-4.653	-0.154	347.439	27.24	0	0	0	0	159
DATASONIC	1784349804	796689990	0	1.34	-4.388	0.027	347.369	27.12	0	0	0	0	081
DATASONIC	1784349804	846649259	0	1.29	-4.377	-0.149	347.398	27.17	0	0	0	0	130
DATASONIC	1784349804	896612194	0	1.279	-3.597	0.092	347.329	27.05	0	0	0	0	124
DATASONIC	1784349804	946553880	0	0.931	-3.025	0.913	347.271	26.95	0	0	0	0	112
DATASONIC	1784349804	996524649	0	1.407	-3.661	1.859	347.109	26.67	0	0	0	0	132
DATASONIC	1784349805	46469501	0	1.043	-3.739	1.117	347.311	27.02	0	0	0	0	040
DATASONIC	1784349805	96443436	0	0.687	-3.327	1.134	347.311	27.02	0	0	0	0	049
DATASONIC	1784349805	146416955	0	0.909	-3.504	0.339	347.271	26.95	0	0	0	0	115
DATASONIC	1784349805	196361266	0	1.306	-3.131	0.457	347.34	27.07	0	0	0	0	046
DATASONIC	1784349805	246306285	0	1.66	-2.656	0.86	347.271	26.95	0	0	0	0	015
DATASONIC	1784349805	296278845	0	1.808	-3.068	0.542	347.248	26.91	0	0	0	0	125
DATASONIC	1784349805	346249697	0	1.9	-2.465	1.213	347.271	26.95	0	0	0	0	017
DATAGPS	1784349805	0	0	41.0437433333	-107.680095	1899.2	9	0.9	-14.5	0	0	004
DATASONIC	1784349805	396195050	0	2.104	-2.452	1.482	347.161	26.76	0	0	0	0	099
DATASONIC	1784349805	446166818	0	2.071	-2.258	0.518	347.219	26.86	0	0	0	0	116
DATASONIC	1784349805	496112046	0	2.225	-2.071	-0.014	347.282	26.97	0	0	0	0	137
DATASONIC	1784349805	546085731	0	1.779	-1.493	-0.637	347.219	26.86	0	0	0	0	172
DATASONIC	1784349805	596029709	0	1.822	-1.852	-0.561	347.201	26.83	0	0	0	0	152
DATASONIC	1784349805	645975645	0	2.241	-2.643	-0.509	347.178	26.79	0	0	0	0	171
DATASONIC	1784349805	695946664	0	2.268	-2.768	-0.563	347.138	26.72	0	0	0	0	181
DATASONIC	1784349805	745902600	0	2.457	-2.365	-0.616	347.259	26.93	0	0	0	0	158
DATASONIC	1784349805	795876118	0	2.357	-2.065	-0.881	347.161	26.76	0	0	0	0	170
DATASONIC	1784349805	845848678	0	2.424	-2.041	-0.856	347.213	26.85	0	0	0	0	165
DATASONIC	1784349805	895781407	0	2.053	-3.034	0.307	347.219	26.86	0	0	0	0	110
DATASONIC	1784349805	945754134	0	1.572	-2.646	0.502	347.201	26.83	0	0	0	0	101
DATASONIC	1784349805	995702320	0	1.815	-2.61	0.384	347.23	26.88	0	0	0	0	006
DATASONIC	1784349806	45673338	0	1.9	-2.443	-0.038	347.248	26.91	0	0	0	0	004
DATASONIC	1784349806	95640899	0	1.784	-1.891	-0.176	347.311	27.02	0	0	0	0	114
DATASONIC	1784349806	145587377	0	1.867	-1.725	-0.645	347.271	26.95	0	0	0	0	174
DATASONIC	1784349806	195534313	0	1.81	-2.334	-0.452	347.201	26.83	0	0	0	0	084
DATASONIC	1784349806	245505623	0	1.954	-2.229	-0.349	347.23	26.88	0	0	0	0	106
DATASONIC	1784349806	295451393	0	1.944	-1.841	-0.415	347.259	26.93	0	0	0	0	162
DATASONIC	1784349806	345423120	0	1.96	-1.888	-0.833	347.132	26.71	0	0	0	0	096
DATAGPS	1784349806	0	0	41.0437433333	-107.680095	1899.2	9	0.9	-14.5	0	0	005
DATASONIC	1784349806	395394847	0	2.323	-2.606	-0.338	347.19	26.81	0	0	0	0	112
DATASONIC	1784349806	445340741	0	2.197	-2.332	-0.473	347.12	26.69	0	0	0	0	096
DATASONIC	1784349806	495313426	0	2.312	-2.088	-0.428	347.109	26.67	0	0	0	0	151
DATASONIC	1784349806	545258863	0	2.118	-1.971	-0.547	347.132	26.71	0	0	0	0	157
DATASONIC	1784349806	595230423	0	2.327	-2.573	-0.602	347.213	26.85	0	0	0	0	142
DATASONIC	1784349806	645175776	0	2.345	-2.598	-0.46	347.259	26.93	0	0	0	0	127
DATASONIC	1784349806	695121045	0	2.396	-2.127	-0.363	347.178	26.79	0	0	0	0	160
DATASONIC	1784349806	745093106	0	2.098	-2.067	-0.055	347.172	26.78	0	0	0	0	155
DATASONIC	1784349806	795063958	0	2.254	-1.977	-0.108	347.132	26.71	0	0	0	0	163
DATASONIC	1784349806	845010560	0	2.479	-2.24	-0.123	347.178	26.79	0	0	0	0	100
DATASONIC	1784349806	894984579	0	2.358	-2.795	-0.176	347.248	26.91	0	0	0	0	193
DATASONIC	1784349806	944926890	0	1.918	-1.766	-0.231	347.213	26.85	0	0	0	0	166
DATASONIC	1784349806	994899534	0	2.131	-1.932	-0.066	347.132	26.71	0	0	0	0	159
DATASONIC	1784349807	44871678	0	2.129	-1.835	0.259	347.12	26.69	0	0	0	0	021
DATASONIC	1784349807	94816030	0	2.32	-2.32	-0.163	347.323	27.04	0	0	0	0	232
DATASONIC	1784349807	144788007	0	2.343	-2.38	-0.157	347.248	26.91	0	0	0	0	105
DATASONIC	1784349807	194708153	0	1.757	-2.472	-0.016	347.352	27.09	0	0	0	0	152
DATASONIC	1784349807	244679755	0	1.52	-3.028	-0.219	347.259	26.93	0	0	0	0	114
DATASONIC	1784349807	294627358	0	1.372	-2.938	-0.479	347.282	26.97	0	0	0	0	181
DATASONIC	1784349807	344571252	0	1.328	-2.963	-0.49	347.259	26.93	0	0	0	0	112
DATAGPS	1784349807	0	0	41.0437433333	-107.680095	1899.2	9	0.9	-14.5	0	0	006
DATASONIC	1784349807	394544479	0	1.873	-2.665	0.4	347.288	26.98	0	0	0	0	037
DATASONIC	1784349807	444489583	0	1.618	-2.621	0.362	347.271	26.95	0	0	0	0	118
DATASONIC	1784349807	494459561	0	1.725	-2.64	0.434	347.271	26.95	0	0	0	0	068
DATASONIC	1784349807	544432165	0	1.599	-2.694	0.536	347.172	26.78	0	0	0	0	125
DATASONIC	1784349807	594377561	0	1.5	-2.894	0.585	347.149	26.74	0	0	0	0	030
DATASONIC	1784349807	644349247	0	1.362	-2.895	0.332	347.149	26.74	0	0	0	0	119
DATASONIC	1784349807	694294852	0	1.332	-2.499	0.389	347.219	26.86	0	0	0	0	135
DATASONIC	1784349807	744266038	0	1.18	-2.494	0.229	347.23	26.88	0	0	0	0	014
DATASONIC	1784349807	794212809	0	0.848	-2.73	0.055	347.259	26.93	0	0	0	0	071
DATASONIC	1784349807	844183705	0	0.888	-2.734	0.328	347.242	26.9	0	0	0	0	069
DATASONIC	1784349807	894131350	0	0.939	-3.231	0.711	347.132	26.71	0	0	0	0	094
DATASONIC	1784349807	944101662	0	1.045	-3.199	0.984	347.138	26.72	0	0	0	0	114
DATASONIC	1784349807	994048392	0	1	-2.792	0.881	347.172	26.78	0	0	0	0	184
DATASONIC	1784349808	44021787	0	0.717	-2.858	0.317	347.248	26.91	0	0	0	0	066
DATASONIC	1784349808	93965058	0	1.637	-2.929	-0.679	347.161	26.76	0	0	0	0	132
DATASONIC	1784349808	143937036	0	2.178	-2.785	-0.316	347.178	26.79	0	0	0	0	171
DATASONIC	1784349808	193881932	0	2.037	-3.47	-0.026	347.219	26.86	0	0	0	0	109
DATASONIC	1784349808	243853327	0	1.82	-3.465	-0.168	347.311	27.02	0	0	0	0	094
DATASONIC	1784349808	293799598	0	2.029	-3.435	-0.126	347.282	26.97	0	0	0	0	179
DATASONIC	1784349808	343770535	0	1.934	-3.917	-0.25	347.3	27	0	0	0	0	108
DATAGPS	1784349808	0	0	41.0437433333	-107.680095	1899.2	9	0.9	-14.5	0	0	007
DATASONIC	1784349808	393743013	0	2.028	-3.459	0.101	347.219	26.86	0	0	0	0	102
DATASONIC	1784349808	443687576	0	2.22	-3.452	-0.099	347.201	26.83	0	0	0	0	107
DATASONIC	1784349808	493634763	0	1.939	-3.616	-0.624	347.358	27.1	0	0	0	0	118
DATASONIC	1784349808	543605825	0	1.666	-3.596	-0.757	347.323	27.04	0	0	0	0	165
DATASONIC	1784349808	593551763	0	1.345	-3.918	-0.805	347.282	26.97	0	0	0	0	172
DATASONIC	1784349808	643523533	0	1.681	-3.677	-0.556	347.282	26.97	0	0	0	0	170
DATASONIC	1784349808	693469262	0	1.576	-3.499	-0.844	347.259	26.93	0	0	0	0	188
DATASONIC	1784349808	743441574	0	1.352	-3.659	-0.417	347.259	26.93	0	0	0	0	166
DATASONIC	1784349808	793413427	0	1.488	-3.053	-0.621	347.271	26.95	0	0	0	0	158
DATASONIC	1784349808	843358615	0	1.64	-3.027	-0.97	347.248	26.91	0	0	0	0	063
DATASONIC	1784349808	893328260	0	1.988	-2.652	-1.348	347.103	26.66	0	0	0	0	167
DATASONIC	1784349808	943273573	0	1.152	-2.023	-1.113	347.259	26.93	0	0	0	0	146
DATASONIC	1784349808	993220969	0	1.548	-2.18	-1.285	347.213	26.85	0	0	0	0	118
DATASONIC	1784349809	43192614	0	1.832	-1.497	-0.175	347.19	26.81	0	0	0	0	055
DATASONIC	1784349809	93138176	0	2.146	-1.794	0.166	347.138	26.72	0	0	0	0	067
DATASONIC	1784349809	143109613	0	2.122	-1.938	-0.323	347.149	26.74	0	0	0	0	143
DATASONIC	1784349809	193055134	0	1.918	-1.511	-0.317	347.12	26.69	0	0	0	0	093
DATASONIC	1784349809	243027363	0	2.337	-2	0.022	347.109	26.67	0	0	0	0	149
DATASONIC	1784349809	293000383	0	1.812	-2.451	-0.33	347.172	26.78	0	0	0	0	089
DATASONIC	1784349809	342944654	0	1.903	-1.808	-0.35	347.172	26.78	0	0	0	0	110
DATAGPS	1784349809	0	0	41.0437433333	-107.680095	1899.2	9	0.9	-14.5	0	0	008
DATASONIC	1784349809	392916465	0	1.931	-2.519	-0.596	347.213	26.85	0	0	0	0	169
DATASONIC	1784349809	442861695	0	2.19	-2.907	-0.31	347.213	26.85	0	0	0	0	056
DATASONIC	1784349809	492835215	0	1.842	-2.992	-0.056	347.19	26.81	0	0	0	0	112
DATASONIC	1784349809	542806985	0	1.819	-3.102	-0.276	347.271	26.95	0	0	0	0	165
DATASONIC	1784349809	592777297	0	2.019	-2.86	-0.023	347.219	26.86	0	0	0	0	120
DATASONIC	1784349809	642723152	0	1.769	-2.556	0.054	347.213	26.85	0	0	0	0	110
DATASONIC	1784349809	692668173	0	1.953	-2.055	-0.429	347.242	26.9	0	0	0	0	116
DATASONIC	1784349809	742640776	0	1.803	-2.298	0.003	347.259	26.93	0	0	0	0	116
DATASONIC	1784349809	792613630	0	1.556	-2.326	0.224	347.248	26.91	0	0	0	0	108
DATASONIC	1784349809	842557235	0	1.635	-2.769	-0.248	347.201	26.83	0	0	0	0	162
DATASONIC	1784349809	892531880	0	1.455	-2.795	-0.224	347.259	26.93	0	0	0	0	172
DATASONIC	1784349809	942483276	0	1.739	-2.748	-0.165	347.219	26.86	0	0	0	0	178
DATASONIC	1784349809	992458046	0	1.889	-2.508	-0.281	347.19	26.81	0	0	0	0	124
DATASONIC	1784349810	42419566	0	1.551	-2.521	-0.04	347.178	26.79	0	0	0	0	045
DATASONIC	1784349810	92390128	0	1.471	-2.441	-0.134	347.19	26.81	0	0	0	0	035
DATASONIC	1784349810	142310859	0	1.571	-2.547	-0.07	347.109	26.67	0	0	0	0	093
DATASONIC	1784349810	192282629	0	1.624	-1.714	-0.513	347.132	26.71	0	0	0	0	136
DATASONIC	1784349810	242250941	0	1.696	-1.921	-0.574	347.103	26.66	0	0	0	0	142
DATASONIC	1784349810	292197879	0	1.893	-2.088	-0.452	347.132	26.71	0	0	0	0	164
DATASONIC	1784349810	342171149	0	1.98	-1.657	-0.111	347.109	26.67	0	0	0	0	093
DATAGPS	1784349810	0	0	41.0437433333	-107.680095	1899.2	9	0.9	-14.5	0	0	000
DATASONIC	1784349810	392116295	0	1.974	-1.522	0.033	347.132	26.71	0	0	0	0	090
DATASONIC	1784349810	442088149	0	2.063	-1.416	-0.167	347.12	26.69	0	0	0	0	093
DATASONIC	1784349810	492034170	0	1.808	-1.289	-0.199	347.19	26.81	0	0	0	0	103
DATASONIC	1784349810	542005440	0	1.675	-1.571	-0.085	347.201	26.83	0	0	0	0	130
DATASONIC	1784349810	591978419	0	1.683	-1.737	-0.267	347.172	26.78	0	0	0	0	175
DATASONIC	1784349810	641924023	0	1.612	-1.86	-0.239	347.219	26.86	0	0	0	0	094
DATASONIC	1784349810	691868295	0	2.118	-1.804	-0.425	347.091	26.64	0	0	0	0	156
DATASONIC	1784349810	741840982	0	2.081	-2.33	0.086	347.132	26.71	0	0	0	0	043
DATASONIC	1784349810	791786378	0	2.266	-1.924	0.102	347.138	26.72	0	0	0	0	113
DATASONIC	1784349810	841758648	0	2.226	-1.671	-0.187	347.149	26.74	0	0	0	0	165
DATASONIC	1784349810	891704086	0	1.924	-1.774	-0.036	347.161	26.76	0	0	0	0	154
DATASONIC	1784349810	941675856	0	1.808	-1.473	0.048	347.161	26.76	0	0	0	0	117
DATASONIC	1784349810	991647376	0	1.833	-1.504	-0.354	347.19	26.81	0	0	0	0	106
DATASONIC	1784349811	41591314	0	1.766	-1.536	-0.19	347.19	26.81	0	0	0	0	251
DATASONIC	1784349811	91564085	0	1.764	-2.016	-0.063	347.242	26.9	0	0	0	0	042
DATASONIC	1784349811	141509189	0	1.919	-1.803	-0.186	347.201	26.83	0	0	0	0	146
DATASONIC	1784349811	191481501	0	1.616	-1.848	-0.27	347.219	26.86	0	0	0	0	099
DATASONIC	1784349811	241426856	0	1.656	-1.814	-0.021	347.178	26.79	0	0	0	0	152
DATASONIC	1784349811	291396751	0	1.431	-1.737	0.025	347.19	26.81	0	0	0	0	050
DATASONIC	1784349811	341370604	0	1.573	-1.522	0.1	347.172	26.78	0	0	0	0	242
DATAGPS	1784349811	0	0	41.0437433333	-107.680095	1899.2	9	0.9	-14.5	0	0	001
DATASONIC	1784349811	391316959	0	1.645	-1.825	0.055	347.149	26.74	0	0	0	0	115
DATASONIC	1784349811	441264230	0	1.775	-2.554	0.225	347.138	26.72	0	0	0	0	094
DATASONIC	1784349811	491233876	0	1.793	-2.769	0.339	347.109	26.67	0	0	0	0	127
DATASONIC	1784349811	541179564	0	1.792	-2.307	0.159	347.132	26.71	0	0	0	0	104
DATASONIC	1784349811	591152084	0	2.09	-2.181	-0.197	347.149	26.74	0	0	0	0	099
DATASONIC	1784349811	641098606	0	1.708	-2.581	-0.262	347.068	26.6	0	0	0	0	101
DATASONIC	1784349811	691068627	0	1.441	-2.45	-0.317	347.08	26.62	0	0	0	0	044
DATASONIC	1784349811	741063855	0	2.109	-2.222	-0.086	347.132	26.71	0	0	0	0	134
DATASONIC	1784349811	791011209	0	2.005	-2.057	-0.066	347.12	26.69	0	0	0	0	080
DATASONIC	1784349811	840936857	0	1.749	-2.08	0.039	347.109	26.67	0	0	0	0	070
DATASONIC	1784349811	890930835	0	1.853	-1.921	0.029	347.103	26.66	0	0	0	0	104
DATASONIC	1784349811	940876398	0	1.804	-1.475	-0.052	347.132	26.71	0	0	0	0	152
DATASONIC	1784349811	990830211	0	1.56	-1.337	0.029	347.132	26.71	0	0	0	0	038
DATASONIC	1784349812	40820272	0	1.498	-1.322	-0.032	347.132	26.71	0	0	0	0	074
DATASONIC	1784349812	90764835	0	1.447	-1.143	0.008	347.091	26.64	0	0	0	0	050
DATASONIC	1784349812	140733314	0	1.315	-1.33	0.067	347.103	26.66	0	0	0	0	027
DATASONIC	1784349812	190685127	0	1.119	-1.595	-0.096	347.103	26.66	0	0	0	0	150
DATASONIC	1784349812	240629232	0	1.258	-1.751	-0.004	347.091	26.64	0	0	0	0	132
DATASONIC	1784349812	290600003	0	1.409	-1.006	-0.242	347.08	26.62	0	0	0	0	065
DATASONIC	1784349812	340547524	0	1.61	-1.437	0.045	347.08	26.62	0	0	0	0	245
DATAGPS	1784349812	0	0	41.0437433333	-107.680095	1899.2	10	0.9	-14.5	0	0	042
DATASONIC	1784349812	390524711	0	1.52	-1.432	0.22	347.132	26.71	0	0	0	0	231
DATASONIC	1784349812	440463108	0	1.564	-1.315	0.106	347.039	26.55	0	0	0	0	088
DATASONIC	1784349812	490435295	0	1.677	-1.355	0.133	347.039	26.55	0	0	0	0	108
DATASONIC	1784349812	540405691	0	1.796	-1.406	0.26	347.022	26.52	0	0	0	0	042
DATASONIC	1784349812	590380128	0	1.829	-1.71	0.379	347.039	26.55	0	0	0	0	061
DATASONIC	1784349812	640306859	0	2.162	-1.796	0.032	346.999	26.48	0	0	0	0	121
DATASONIC	1784349812	690268421	0	1.527	-1.873	-0.29	347.051	26.57	0	0	0	0	101
DATASONIC	1784349812	740219651	0	1.366	-1.476	-0.224	347.062	26.59	0	0	0	0	147
DATASONIC	1784349812	790212712	0	1.566	-1.371	-0.118	347.062	26.59	0	0	0	0	141
DATASONIC	1784349812	840161567	0	1.342	-1.203	-0.021	347.028	26.53	0	0	0	0	123
DATASONIC	1784349812	890129004	0	1.372	-1.132	-0.164	347.051	26.57	0	0	0	0	130
DATASONIC	1784349812	940053568	0	1.425	-1.101	-0.046	347.062	26.59	0	0	0	0	135
DATASONIC	1784349812	990027630	0	1.745	-1.185	0.198	347.028	26.53	0	0	0	0	107
DATASONIC	1784349813	39968152	0	1.856	-1.123	0.182	346.993	26.47	0	0	0	0	068
DATASONIC	1784349813	89962630	0	2.488	-1.058	0.08	347.051	26.57	0	0	0	0	013
DATASONIC	1784349813	139907235	0	2.399	-0.979	0.051	347.062	26.59	0	0	0	0	119
DATASONIC	1784349813	189863506	0	2.15	-0.982	0.105	347.028	26.53	0	0	0	0	053
DATASONIC	1784349813	239837610	0	1.849	-0.997	0.156	347.039	26.55	0	0	0	0	124
DATASONIC	1784349813	289800214	0	1.64	-1.208	0.231	347.051	26.57	0	0	0	0	036
DATASONIC	1784349813	339723111	0	1.5	-1.116	0.138	347.01	26.5	0	0	0	0	131
DATAGPS	1784349813	0	0	41.0437433333	-107.680095	1899.2	10	0.9	-14.5	0	0	043
DATASONIC	1784349813	389715131	0	1.293	-1.306	0.021	346.981	26.45	0	0	0	0	096
DATASONIC	1784349813	439660736	0	1.612	-1.427	0.151	346.929	26.36	0	0	0	0	107
DATASONIC	1784349813	489617675	0	1.568	-1.156	-0.048	346.923	26.35	0	0	0	0	168
DATASONIC	1784349813	539604821	0	1.543	-1.267	-0.269	346.929	26.36	0	0	0	0	161
DATASONIC	1784349813	589550052	0	1.646	-1.149	-0.039	346.912	26.33	0	0	0	0	149
DATASONIC	1784349813	639505908	0	1.948	-1.124	-0.382	346.958	26.41	0	0	0	0	163
DATASONIC	1784349813	689470429	0	2.01	-1.095	-0.137	347.028	26.53	0	0	0	0	097
DATASONIC	1784349813	739419618	0	1.737	-1.037	-0.344	347.138	26.72	0	0	0	0	158
DATASONIC	1784349813	789384099	0	1.883	-0.78	-0.161	347.172	26.78	0	0	0	0	126
DATASONIC	1784349813	839359870	0	1.773	-0.851	0.032	347.161	26.76	0	0	0	0	114
DATASONIC	1784349813	889301684	0	1.531	-0.875	-0.09	347.062	26.59	0	0	0	0	109
DATASONIC	1784349813	939256623	0	1.692	-0.493	-0.098	347.08	26.62	0	0	0	0	113
DATASONIC	1784349813	989225145	0	1.811	-0.414	0.268	346.958	26.41	0	0	0	0	111
DATASONIC	1784349814	39187375	0	1.625	-0.459	0.091	346.923	26.35	0	0	0	0	063
DATASONIC	1784349814	89125481	0	1.867	-0.508	-0.435	346.981	26.45	0	0	0	0	113
DATASONIC	1784349814	139092461	0	1.288	-1.511	-0.924	347.028	26.53	0	0	0	0	145
DATASONIC	1784349814	189030776	0	1.475	-1.054	-0.669	347.062	26.59	0	0	0	0	161
DATASONIC	1784349814	239001673	0	1.241	-1.007	-0.186	347.08	26.62	0	0	0	0	080
DATASONIC	1784349814	288951695	0	1.143	-1.181	0.235	347.022	26.52	0	0	0	0	099
DATASONIC	1784349814	338919508	0	1.055	-1.426	0.495	347.028	26.53	0	0	0	0	111
DATASONIC	1784349814	388912862	0	0.967	-1.158	0.557	347.028	26.53	0	0	0	0	124
DATAGPS	1784349814	0	0	41.0437433333	-107.680095	1899.2	10	0.9	-14.5	0	0	044
DATASONIC	1784349814	438845386	0	1.159	-1.369	0.791	347.051	26.57	0	0	0	0	124
DATASONIC	1784349814	488836573	0	1.035	-0.87	0.745	347.039	26.55	0	0	0	0	071
DATASONIC	1784349814	538778346	0	1.301	-1.137	0.422	346.993	26.47	0	0	0	0	112
DATASONIC	1784349814	588728826	0	1.513	-1.709	0.108	346.9	26.31	0	0	0	0	011
DATASONIC	1784349814	638677016	0	1.426	-1.6	0.537	346.848	26.22	0	0	0	0	011
DATASONIC	1784349814	688667870	0	1.272	-1.614	0.594	346.819	26.17	0	0	0	0	128
DATASONIC	1784349814	738618809	0	1.363	-1.667	0.574	346.848	26.22	0	0	0	0	127
DATASONIC	1784349814	788587914	0	1.526	-1.576	0.635	346.842	26.21	0	0	0	0	125
DATASONIC	1784349814	838529395	0	1.332	-1.339	0.667	346.912	26.33	0	0	0	0	118
DATASONIC	1784349814	888500208	0	1.586	-1.876	0.602	346.889	26.29	0	0	0	0	129
DATASONIC	1784349814	938451230	0	1.661	-1.326	0.385	346.9	26.31	0	0	0	0	254
DATASONIC	1784349814	988407044	0	1.867	-1.385	0.453	347.039	26.55	0	0	0	0	122
DATASONIC	1784349815	38341609	0	1.852	-1.524	0.138	347.323	27.04	0	0	0	0	045
DATASONIC	1784349815	88343254	0	1.963	-1.434	0.052	347.329	27.05	0	0	0	0	053
DATASONIC	1784349815	138290027	0	2.101	-1.421	-0.175	347.323	27.04	0	0	0	0	121
DATASONIC	1784349815	188238841	0	3.014	-1.383	-0.401	347.34	27.07	0	0	0	0	089
DATASONIC	1784349815	238231653	0	2.657	-1.564	-0.611	347.398	27.17	0	0	0	0	157
DATASONIC	1784349815	288148927	0	2.952	-1.361	-0.338	347.398	27.17	0	0	0	0	172
DATASONIC	1784349815	338121865	0	2.425	-1.387	-0.306	347.398	27.17	0	0	0	0	158
DATAGPS	1784349815	0	0	41.0437433333	-107.680095	1899.2	10	0.9	-14.5	0	0	045
DATASONIC	1784349815	388067638	0	1.814	-1.579	-0.622	347.421	27.21	0	0	0	0	157
DATASONIC	1784349815	438040283	0	1.984	-1.457	-0.536	347.381	27.14	0	0	0	0	154
DATASONIC	1784349815	488009591	0	2.018	-1.446	-0.586	347.45	27.26	0	0	0	0	110
DATASONIC	1784349815	537954151	0	1.745	-1.424	-0.51	347.381	27.14	0	0	0	0	095
DATASONIC	1784349815	587926626	0	1.843	-1.264	-0.837	347.421	27.21	0	0	0	0	160
DATASONIC	1784349815	637879810	0	2.011	-1.497	-0.235	347.271	26.95	0	0	0	0	159
DATASONIC	1784349815	687843036	0	2.837	-0.985	-0.5	347.311	27.02	0	0	0	0	055
DATASONIC	1784349815	737763679	0	3.048	-1.101	-0.01	347.178	26.79	0	0	0	0	109
DATASONIC	1784349815	787763862	0	2.159	-1.863	0.068	347.12	26.69	0	0	0	0	079
DATASONIC	1784349815	837730962	0	2.044	-1.8	0.224	347.109	26.67	0	0	0	0	005
DATASONIC	1784349815	887677438	0	1.957	-1.656	-0.2	347.091	26.64	0	0	0	0	075
DATASONIC	1784349815	937621914	0	2.333	-1.674	-0.406	347.103	26.66	0	0	0	0	148
DATASONIC	1784349815	987599931	0	2.549	-1.807	0.157	347.039	26.55	0	0	0	0	137
DATASONIC	1784349816	37540199	0	2.633	-1.816	0.207	347.132	26.71	0	0	0	0	050
DATASONIC	1784349816	87489925	0	2.499	-1.487	0.485	347.12	26.69	0	0	0	0	042
DATASONIC	1784349816	137465400	0	2.29	-1.708	0.663	347.028	26.53	0	0	0	0	051
DATASONIC	1784349816	187430959	0	1.932	-1.42	0.652	347.103	26.66	0	0	0	0	056
DATASONIC	1784349816	237374977	0	2.365	-1.741	0.953	347.132	26.71	0	0	0	0	116
DATASONIC	1784349816	287329202	0	1.665	-2.044	0.968	347.19	26.81	0	0	0	0	064
DATASONIC	1784349816	337293178	0	1.805	-2.178	0.85	347.132	26.71	0	0	0	0	061
DATAGPS	1784349816	0	0	41.0437433333	-107.680095	1899.2	10	0.9	-14.5	0	0	046
DATASONIC	1784349816	387291777	0	1.667	-1.88	0.851	347.109	26.67	0	0	0	0	084
DATASONIC	1784349816	437213629	0	1.82	-1.851	0.574	347.12	26.69	0	0	0	0	008
DATASONIC	1784349816	487186771	0	1.848	-1.655	0.45	347.091	26.64	0	0	0	0	075
DATASONIC	1784349816	537153413	0	1.925	-1.632	0.37	347.062	26.59	0	0	0	0	052
DATASONIC	1784349816	587100389	0	1.946	-1.416	0.245	347.039	26.55	0	0	0	0	113
DATASONIC	1784349816	637052406	0	1.845	-1.464	0.143	347.08	26.62	0	0	0	0	049
DATASONIC	1784349816	687044256	0	1.619	-1.337	0.081	347.103	26.66	0	0	0	0	105
DATASONIC	1784349816	736967191	0	1.814	-1.613	0.111	347.08	26.62	0	0	0	0	052
DATASONIC	1784349816	786942124	0	1.949	-1.496	-0.243	347.138	26.72	0	0	0	0	168
DATASONIC	1784349816	836904433	0	1.996	-1.666	-0.006	347.201	26.83	0	0	0	0	156
DATASONIC	1784349816	886877825	0	1.88	-1.713	0.08	347.109	26.67	0	0	0	0	030
DATASONIC	1784349816	936823676	0	2.302	-1.721	0.041	347.028	26.53	0	0	0	0	098
DATASONIC	1784349816	986798610	0	2.423	-1.443	0.127	347.028	26.53	0	0	0	0	112
DATASONIC	1784349817	36714128	0	2.605	-1.564	0.132	347.132	26.71	0	0	0	0	041
DATASONIC	1784349817	86714811	0	2.504	-1.23	0.202	347.23	26.88	0	0	0	0	198
DATASONIC	1784349817	136665495	0	2.716	-1.364	-0.144	347.259	26.93	0	0	0	0	165
DATASONIC	1784349817	186630512	0	2.864	-1.341	-0.082	347.282	26.97	0	0	0	0	152
DATASONIC	1784349817	236600321	0	2.502	-1.429	-0.275	347.288	26.98	0	0	0	0	150
DATASONIC	1784349817	286552630	0	2.841	-1.261	-0.179	347.259	26.93	0	0	0	0	160
DATASONIC	1784349817	336469649	0	2.728	-1.172	-0.524	347.259	26.93	0	0	0	0	172
DATAGPS	1784349817	0	0	41.0437433333	-107.680095	1899.2	10	0.9	-14.5	0	0	047
DATASONIC	1784349817	386441957	0	2.706	-0.717	-0.199	347.259	26.93	0	0	0	0	177
DATASONIC	1784349817	436415682	0	2.144	-1.014	-0.59	347.248	26.91	0	0	0	0	099
DATASONIC	1784349817	486364068	0	2.44	-0.838	-1.52	347.282	26.97	0	0	0	0	067
DATASONIC	1784349817	536308954	0	1.925	-1.077	-1.263	347.271	26.95	0	0	0	0	164
DATASONIC	1784349817	586299755	0	1.873	-1.205	-0.539	347.248	26.91	0	0	0	0	177
DATASONIC	1784349817	636249474	0	1.902	-1.884	-0.159	347.219	26.86	0	0	0	0	172
DATASONIC	1784349817	686243358	0	1.514	-1.916	-0.18	347.213	26.85	0	0	0	0	106
DATASONIC	1784349817	736161745	0	1.529	-2.284	0.294	347.201	26.83	0	0	0	0	110
DATASONIC	1784349817	786134713	0	1.906	-1.465	0.351	347.19	26.81	0	0	0	0	060
DATASONIC	1784349817	836102014	0	1.8	-1.42	0.528	347.103	26.66	0	0	0	0	192
DATASONIC	1784349817	886049108	0	1.894	-1.213	0.217	347.08	26.62	0	0	0	0	059
DATASONIC	1784349817	935998036	0	1.94	-1.453	0.218	347.08	26.62	0	0	0	0	018
DATASONIC	1784349817	985994045	0	1.691	-1.792	0.288	347.109	26.67	0	0	0	0	138
DATASONIC	1784349818	35913390	0	1.57	-1.747	0.267	347.132	26.71	0	0	0	0	007
DATASONIC	1784349818	85886441	0	1.6	-1.785	0.128	347.138	26.72	0	0	0	0	225
DATASONIC	1784349818	135833910	0	1.754	-1.306	0.464	347.103	26.66	0	0	0	0	099
DATASONIC	1784349818	185814753	0	1.133	-1.153	0.672	347.103	26.66	0	0	0	0	100
DATASONIC	1784349818	235762930	0	1.369	-0.912	0.502	347.068	26.6	0	0	0	0	056
DATASONIC	1784349818	285736732	0	1.368	-1.377	0.325	347.08	26.62	0	0	0	0	066
DATASONIC	1784349818	335669660	0	1.623	-1.552	0.418	347.068	26.6	0	0	0	0	063
DATAGPS	1784349818	0	0	41.0437433333	-107.680095	1899.2	10	0.9	-14.5	0	0	048
DATASONIC	1784349818	385659085	0	1.261	-1.051	0.34	347.039	26.55	0	0	0	0	056
DATASONIC	1784349818	435585930	0	1.799	-1.707	0.507	347.028	26.53	0	0	0	0	122
DATASONIC	1784349818	485575856	0	1.763	-1.919	0.231	347.138	26.72	0	0	0	0	126
DATASONIC	1784349818	535520075	0	1.884	-1.296	-0.008	347.138	26.72	0	0	0	0	154
DATASONIC	1784349818	585492460	0	1.5	-1.352	-0.175	347.149	26.74	0	0	0	0	056
DATASONIC	1784349818	635428013	0	1.464	-1.266	-0.407	347.172	26.78	0	0	0	0	152
DATASONIC	1784349818	685373690	0	1.438	-1.679	-0.004	347.103	26.66	0	0	0	0	160
DATASONIC	1784349818	735340575	0	1.337	-1.66	0.326	347.109	26.67	0	0	0	0	061
DATASONIC	1784349818	785315585	0	1.315	-1.857	0.604	347.051	26.57	0	0	0	0	115
DATASONIC	1784349818	835277053	0	0.882	-1.798	0.705	347.01	26.5	0	0	0	0	014
DATASONIC	1784349818	885250272	0	1.397	-1.853	0.482	346.952	26.4	0	0	0	0	070
DATASONIC	1784349818	935190407	0	1.368	-1.91	0.535	346.97	26.43	0	0	0	0	015
DATASONIC	1784349818	985167042	0	2.086	-1.346	0.066	347.149	26.74	0	0	0	0	118
DATASONIC	1784349819	35088762	0	2.019	-1.484	-0.139	347.161	26.76	0	0	0	0	109
DATASONIC	1784349819	85087563	0	1.451	-1.412	-0.821	347.178	26.79	0	0	0	0	111
DATASONIC	1784349819	135007366	0	1.695	-1.814	-0.546	347.201	26.83	0	0	0	0	150
DATASONIC	1784349819	185001083	0	1.607	-1.946	-0.404	347.172	26.78	0	0	0	0	148
DATASONIC	1784349819	234971218	0	1.806	-2.085	-0.171	347.219	26.86	0	0	0	0	157
DATASONIC	1784349819	284898480	0	1.672	-2.042	-0.08	347.138	26.72	0	0	0	0	111
DATASONIC	1784349819	334869948	0	1.521	-1.611	-0.202	347.172	26.78	0	0	0	0	156
DATASONIC	1784349819	384839499	0	1.844	-1.908	0.147	347.172	26.78	0	0	0	0	139
DATAGPS	1784349819	0	0	41.0437433333	-107.680095	1899.2	10	0.9	-14.5	0	0	049
DATASONIC	1784349819	434789385	0	1.605	-2.234	0.118	347.172	26.78	0	0	0	0	119
DATASONIC	1784349819	484737760	0	1.821	-1.742	-0.249	347.161	26.76	0	0	0	0	163
DATASONIC	1784349819	534675011	0	1.896	-1.777	-0.034	347.161	26.76	0	0	0	0	161
DATASONIC	1784349819	584654969	0	1.84	-1.733	-0.029	347.172	26.78	0	0	0	0	126
DATASONIC	1784349819	634599262	0	1.82	-1.961	-0.135	347.103	26.66	0	0	0	0	106
DATASONIC	1784349819	684585970	0	2.187	-1.816	0.033	347.132	26.71	0	0	0	0	116
DATASONIC	1784349819	734515305	0	2.059	-1.67	0.206	347.12	26.69	0	0	0	0	003
DATASONIC	1784349819	784508554	0	1.86	-1.562	0.308	347.103	26.66	0	0	0	0	064
DATASONIC	1784349819	834459221	0	2.031	-1.954	-0.005	347.12	26.69	0	0	0	0	093
DATASONIC	1784349819	884400931	0	1.824	-2.598	0.092	347.091	26.64	0	0	0	0	117
DATASONIC	1784349819	934343765	0	1.704	-2.232	-0.303	347.109	26.67	0	0	0	0	149
DATASONIC	1784349819	984313515	0	1.525	-2.442	-0.044	347.091	26.64	0	0	0	0	147
DATASONIC	1784349820	34277807	0	1.428	-2.032	0.083	347.091	26.64	0	0	0	0	045
DATASONIC	1784349820	84214308	0	1.547	-2.113	0.117	347.068	26.6	0	0	0	0	245
DATASONIC	1784349820	134174308	0	1.557	-2.193	0.107	347.01	26.5	0	0	0	0	240
DATASONIC	1784349820	184133809	0	1.67	-2.125	0.028	347.068	26.6	0	0	0	0	253
DATASONIC	1784349820	234096309	0	1.146	-2.135	-0.231	347.109	26.67	0	0	0	0	135
DATASONIC	1784349820	284092058	0	1.57	-1.634	0.1	347.091	26.64	0	0	0	0	200
DATASONIC	1784349820	334016351	0	1.383	-1.74	0.198	347.091	26.64	0	0	0	0	045
DATAGPS	1784349820	0	0	41.0437433333	-107.680095	1899.2	10	0.9	-14.5	0	0	041
DATASONIC	1784349820	383966727	0	1.274	-2.323	-0.007	347.068	26.6	0	0	0	0	101
DATASONIC	1784349820	433938560	0	1.077	-2.291	0.303	347.062	26.59	0	0	0	0	100
DATASONIC	1784349820	483901227	0	1.178	-2.127	-0.173	347.08	26.62	0	0	0	0	091
DATASONIC	1784349820	533871811	0	1.612	-1.879	-0.34	347.103	26.66	0	0	0	0	094
DATASONIC	1784349820	583798146	0	1.46	-2.173	-0.434	347.08	26.62	0	0	0	0	053
DATASONIC	1784349820	633765771	0	1.571	-2.356	-0.008	347.051	26.57	0	0	0	0	148
DATASONIC	1784349820	683735187	0	1.616	-2.066	-0.022	347.039	26.55	0	0	0	0	149
DATASONIC	1784349820	733689188	0	1.555	-2.279	-0.007	347.12	26.69	0	0	0	0	113
DATASONIC	1784349820	783653813	0	1.298	-2.555	-0.111	347.068	26.6	0	0	0	0	103
DATASONIC	1784349820	833620855	0	1.22	-2.345	-0.407	347.19	26.81	0	0	0	0	040
DATASONIC	1784349820	883565939	0	1.177	-2.416	-0.365	347.12	26.69	0	0	0	0	116
DATASONIC	1784349820	933536314	0	1.221	-2.25	-0.613	347.213	26.85	0	0	0	0	080
DATASONIC	1784349820	983487232	0	0.977	-2.664	-0.593	347.19	26.81	0	0	0	0	122
DATASONIC	1784349821	33455773	0	0.777	-2.618	-0.684	347.201	26.83	0	0	0	0	107
DATASONIC	1784349821	83413857	0	0.816	-2.602	-0.669	347.161	26.76	0	0	0	0	106
DATASONIC	1784349821	133369358	0	0.752	-2.535	-0.384	347.178	26.79	0	0	0	0	165
DATASONIC	1784349821	183305942	0	0.698	-2.345	-0.556	347.178	26.79	0	0	0	0	168
DATASONIC	1784349821	233286317	0	0.549	-2.354	-0.525	347.178	26.79	0	0	0	0	159
DATASONIC	1784349821	283219277	0	0.752	-2.292	-0.193	347.178	26.79	0	0	0	0	163
DATASONIC	1784349821	333190527	0	0.586	-2.448	-0.118	347.132	26.71	0	0	0	0	142
DATAGPS	1784349821	0	0	41.0437433333	-107.680095	1899.2	10	0.9	-14.5	0	0	042
DATASONIC	1784349821	383153319	0	0.553	-2.157	-0.191	347.149	26.74	0	0	0	0	148
DATASONIC	1784349821	433103653	0	0.928	-1.864	-0.478	347.12	26.69	0	0	0	0	103
DATASONIC	1784349821	483101448	0	1.07	-2.014	-0.508	347.08	26.62	0	0	0	0	029
DATASONIC	1784349821	533033037	0	1.153	-2.168	-0.447	347.161	26.76	0	0	0	0	138
DATASONIC	1784349821	582986042	0	1.137	-2.126	-0.601	347.201	26.83	0	0	0	0	136
DATASONIC	1784349821	632942172	0	1.272	-2.412	-0.228	347.248	26.91	0	0	0	0	141
DATASONIC	1784349821	682909052	0	1.22	-2.438	-0.241	347.213	26.85	0	0	0	0	089
DATASONIC	1784349821	732863473	0	1.326	-2.334	-0.18	347.19	26.81	0	0	0	0	047
DATASONIC	1784349821	782830269	0	1.244	-2.594	-0.074	347.178	26.79	0	0	0	0	167
DATASONIC	1784349821	832808149	0	1.35	-2.459	-0.37	347.172	26.78	0	0	0	0	059
DATASONIC	1784349821	882742404	0	1.482	-2.492	-0.322	347.219	26.86	0	0	0	0	152
DATASONIC	1784349821	932691743	0	1.269	-2.263	-0.27	347.178	26.79	0	0	0	0	116
DATASONIC	1784349821	982670372	0	1.19	-2.176	-0.216	347.19	26.81	0	0	0	0	051
DATASONIC	1784349822	32617002	0	1.276	-2.278	-0.201	347.23	26.88	0	0	0	0	033
DATASONIC	1784349822	82585923	0	1.359	-2.102	-0.174	347.149	26.74	0	0	0	0	103
DATASONIC	1784349822	132529595	0	1.33	-2.133	-0.346	347.19	26.81	0	0	0	0	042
DATASONIC	1784349822	182521641	0	1.26	-1.98	-0.301	347.201	26.83	0	0	0	0	028
DATASONIC	1784349822	232442897	0	1.335	-2.14	-0.329	347.19	26.81	0	0	0	0	046
DATASONIC	1784349822	282425443	0	1.452	-2.044	0.047	347.109	26.67	0	0	0	0	094
DATASONIC	1784349822	332369823	0	1.441	-2.046	0.022	347.109	26.67	0	0	0	0	092
DATAGPS	1784349822	0	0	41.0437433333	-107.680095	1899.2	10	0.9	-14.5	0	0	043
DATASONIC	1784349822	382340702	0	1.301	-1.987	0.071	347.12	26.69	0	0	0	0	041
DATASONIC	1784349822	432303124	0	1.439	-2.299	0.161	347.068	26.6	0	0	0	0	045
DATASONIC	1784349822	482259837	0	1.452	-2.397	0	347.161	26.76	0	0	0	0	172
DATASONIC	1784349822	532239341	0	1.103	-2.447	0.016	347.219	26.86	0	0	0	0	091
DATASONIC	1784349822	582167514	0	1.13	-2.435	0.207	347.19	26.81	0	0	0	0	250
DATASONIC	1784349822	632120935	0	1.125	-2.341	0.265	347.161	26.76	0	0	0	0	088
DATASONIC	1784349822	682089940	0	1.151	-2.267	0.219	347.103	26.66	0	0	0	0	103
DATASONIC	1784349822	732056861	0	1.265	-1.804	0.038	347.132	26.71	0	0	0	0	094
DATASONIC	1784349822	782009491	0	1.279	-1.694	0.338	347.039	26.55	0	0	0	0	119
DATASONIC	1784349822	831980787	0	1.304	-1.407	0.167	347.051	26.57	0	0	0	0	107
DATASONIC	1784349822	881934834	0	1.33	-1.56	0.346	347.028	26.53	0	0	0	0	006
DATASONIC	1784349822	931882214	0	1.046	-1.469	0.258	347.109	26.67	0	0	0	0	111
DATASONIC	1784349822	981845594	0	1.059	-1.979	0.122	347.172	26.78	0	0	0	0	128
DATASONIC	1784349823	31814140	0	1.32	-1.979	0.225	347.161	26.76	0	0	0	0	249
DATASONIC	1784349823	81753187	0	1.19	-1.984	0.194	347.161	26.76	0	0	0	0	017
DATASONIC	1784349823	131731983	0	1.207	-1.86	0.266	347.178	26.79	0	0	0	0	064
DATASONIC	1784349823	181676363	0	1.144	-1.993	-0.075	347.19	26.81	0	0	0	0	106
DATASONIC	1784349823	231647451	0	1.121	-1.869	-0.108	347.201	26.83	0	0	0	0	135
DATASONIC	1784349823	281616914	0	0.966	-1.71	-0.413	347.19	26.81	0	0	0	0	049
DATASONIC	1784349823	331567127	0	1.128	-1.81	-0.248	347.178	26.79	0	0	0	0	105
DATASONIC	1784349823	381513174	0	0.844	-2.346	-0.129	347.091	26.64	0	0	0	0	146
DATAGPS	1784349823	0	0	41.0437433333	-107.680095	1899.2	10	0.9	-14.5	0	0	044
DATASONIC	1784349823	431475262	0	1.13	-2.144	-0.231	347.12	26.69	0	0	0	0	028
DATASONIC	1784349823	481431014	0	1.032	-2.253	-0.138	347.068	26.6	0	0	0	0	078
DATASONIC	1784349823	531424514	0	1.314	-2.24	-0.426	347.12	26.69	0	0	0	0	030
DATASONIC	1784349823	581375223	0	1.471	-2.002	-0.47	347.172	26.78	0	0	0	0	091
DATASONIC	1784349823	631314392	0	1.222	-1.999	-0.548	347.132	26.71	0	0	0	0	148
DATASONIC	1784349823	681317141	0	1.322	-1.879	-0.663	347.132	26.71	0	0	0	0	144
DATASONIC	1784349823	731247935	0	1.171	-2.082	-0.402	347.109	26.67	0	0	0	0	142
DATASONIC	1784349823	781183145	0	1.591	-2.152	-0.218	347.138	26.72	0	0	0	0	146
DATASONIC	1784349823	831154729	0	1.504	-1.969	-0.282	347.068	26.6	0	0	0	0	109
DATASONIC	1784349823	881098981	0	1.544	-2.019	-0.146	347.091	26.64	0	0	0	0	159
DATASONIC	1784349823	931064023	0	1.569	-1.982	0.001	347.08	26.62	0	0	0	0	043
DATASONIC	1784349823	981047898	0	1.473	-1.957	0.266	347.051	26.57	0	0	0	0	128
DATASONIC	1784349824	31015899	0	1.158	-2.103	0.232	347.01	26.5	0	0	0	0	188
DATASONIC	1784349824	80928069	0	1.185	-1.993	0.194	347.039	26.55	0	0	0	0	073
DATASONIC	1784349824	130898569	0	1.159	-2.08	0.116	347.08	26.62	0	0	0	0	009
DATASONIC	1784349824	180848279	0	1.005	-1.91	0.096	347.172	26.78	0	0	0	0	062
DATASONIC	1784349824	230846362	0	1.199	-1.618	0.003	347.12	26.69	0	0	0	0	049
DATASONIC	1784349824	280795947	0	1.036	-1.889	0.37	347.103	26.66	0	0	0	0	071
DATASONIC	1784349824	330761989	0	1.149	-1.817	0.385	347.028	26.53	0	0	0	0	118
DATASONIC	1784349824	380706866	0	0.946	-1.762	0.284	347.068	26.6	0	0	0	0	071
DATAGPS	1784349824	0	0	41.0437433333	-107.680095	1899.2	10	0.9	-14.5	0	0	045
DATASONIC	1784349824	430678283	0	1.07	-1.606	0.307	347.068	26.6	0	0	0	0	002
DATASONIC	1784349824	480624493	0	1.009	-1.603	0.355	347.062	26.59	0	0	0	0	101
DATASONIC	1784349824	530584577	0	0.966	-1.696	0.219	347.091	26.64	0	0	0	0	125
DATASONIC	1784349824	580576619	0	1.166	-1.833	0.484	347.103	26.66	0	0	0	0	114
DATASONIC	1784349824	630497954	0	1.326	-1.567	0.446	347.051	26.57	0	0	0	0	116
DATASONIC	1784349824	680461414	0	0.933	-1.815	0.2	347.091	26.64	0	0	0	0	252
DATASONIC	1784349824	730430414	0	0.994	-2.01	0.043	347.19	26.81	0	0	0	0	243
DATASONIC	1784349824	780384832	0	1.21	-1.854	0.27	347.12	26.69	0	0	0	0	210
DATASONIC	1784349824	830351041	0	1.053	-2.143	0.318	347.022	26.52	0	0	0	0	073
DATASONIC	1784349824	880327208	0	1.166	-2.017	0.133	347.028	26.53	0	0	0	0	093
DATASONIC	1784349824	930239003	0	1.255	-2.104	0.361	347.039	26.55	0	0	0	0	087
DATASONIC	1784349824	980244711	0	1.163	-2.232	0.268	347.34	27.07	0	0	0	0	045
DATASONIC	1784349825	30213336	0	1.286	-2.299	0.271	347.3	27	0	0	0	0	051
DATASONIC	1784349825	80141547	0	1.155	-2.462	0.346	347.271	26.95	0	0	0	0	052
DATASONIC	1784349825	130099965	0	1.104	-2.61	0.299	347.311	27.02	0	0	0	0	044
DATASONIC	1784349825	180043591	0	1.053	-2.671	0.332	347.242	26.9	0	0	0	0	040
DATASONIC	1784349825	230044507	0	1.17	-2.522	0.398	347.248	26.91	0	0	0	0	048
DATASONIC	1784349825	279969510	0	1.133	-2.519	0.427	347.323	27.04	0	0	0	0	106
DATASONIC	1784349825	329936344	0	1.07	-2.962	0.212	347.259	26.93	0	0	0	0	062
DATAGPS	1784349825	0	0	41.0437433333	-107.680095	1899.2	10	0.9	-14.5	0	0	046
DATASONIC	1784349825	379912886	0	1.124	-2.721	0.246	347.288	26.98	0	0	0	0	127
DATASONIC	1784349825	429855138	0	1.107	-2.685	0.478	347.201	26.83	0	0	0	0	115
DATASONIC	1784349825	479804484	0	1.355	-2.799	0.286	347.19	26.81	0	0	0	0	083
DATASONIC	1784349825	529772078	0	1.28	-2.62	0.568	347.19	26.81	0	0	0	0	225
DATASONIC	1784349825	579747379	0	1.207	-3	0.432	347.23	26.88	0	0	0	0	126
DATASONIC	1784349825	629695307	0	1.359	-2.55	0.571	347.19	26.81	0	0	0	0	020
DATASONIC	1784349825	679640277	0	1.335	-2.603	0.318	347.068	26.6	0	0	0	0	062
DATASONIC	1784349825	729617746	0	1.223	-2.371	0.191	347.08	26.62	0	0	0	0	056
DATASONIC	1784349825	779555716	0	1.35	-2.459	0.176	347.12	26.69	0	0	0	0	024
DATASONIC	1784349825	829549017	0	1.217	-2.322	0.142	347.068	26.6	0	0	0	0	051
DATASONIC	1784349825	879523694	0	1.004	-2.547	0.366	347.109	26.67	0	0	0	0	121
DATASONIC	1784349825	929437373	0	0.957	-2.471	0.195	347.109	26.67	0	0	0	0	127
DATASONIC	1784349825	979442674	0	1.128	-2.422	0.355	347.109	26.67	0	0	0	0	117
DATASONIC	1784349826	29387477	0	1.16	-2.41	0.241	347.132	26.71	0	0	0	0	203
DATASONIC	1784349826	79359904	0	0.846	-2.658	0.014	347.19	26.81	0	0	0	0	021
DATASONIC	1784349826	129276583	0	1.144	-2.725	0.086	347.172	26.78	0	0	0	0	116
DATASONIC	1784349826	179252551	0	1.102	-2.799	0.125	347.161	26.76	0	0	0	0	105
DATASONIC	1784349826	229199896	0	1.182	-2.649	0.227	347.201	26.83	0	0	0	0	121
DATASONIC	1784349826	279161698	0	1.115	-2.639	0.233	347.242	26.9	0	0	0	0	062
DATASONIC	1784349826	329139250	0	1.053	-2.534	0.233	347.172	26.78	0	0	0	0	098
DATAGPS	1784349826	0	0	41.0437433333	-107.680095	1899.2	10	0.9	-14.5	0	0	047
DATASONIC	1784349826	379086970	0	1.182	-2.225	0.406	347.201	26.83	0	0	0	0	104
DATASONIC	1784349826	429063813	0	1.27	-2.474	0.436	347.132	26.71	0	0	0	0	050
DATASONIC	1784349826	479006450	0	1.2	-2.524	0.267	347.172	26.78	0	0	0	0	003
DATASONIC	1784349826	528958878	0	1.255	-2.623	0.097	347.201	26.83	0	0	0	0	124
DATASONIC	1784349826	578920347	0	1.309	-2.778	-0.11	347.172	26.78	0	0	0	0	114
DATASONIC	1784349826	628884816	0	1.257	-2.739	-0.147	347.161	26.76	0	0	0	0	173
DATASONIC	1784349826	678864701	0	1.155	-2.662	0.06	347.19	26.81	0	0	0	0	012
DATASONIC	1784349826	728807171	0	1.292	-2.45	0.011	347.219	26.86	0	0	0	0	054
DATASONIC	1784349826	778756473	0	1.514	-2.806	-0.029	347.178	26.79	0	0	0	0	177
DATASONIC	1784349826	828694318	0	1.428	-2.628	-0.004	347.271	26.95	0	0	0	0	163
DATASONIC	1784349826	878667870	0	1.475	-2.602	0.154	347.201	26.83	0	0	0	0	116
DATASONIC	1784349826	928657797	0	1.511	-2.448	0.205	347.23	26.88	0	0	0	0	074
DATASONIC	1784349826	978618391	0	1.267	-2.675	0.004	347.149	26.74	0	0	0	0	125
DATASONIC	1784349827	28560819	0	1.108	-2.701	-0.243	347.103	26.66	0	0	0	0	090
DATASONIC	1784349827	78535663	0	1.099	-2.754	-0.094	347.138	26.72	0	0	0	0	120
DATASONIC	1784349827	128480382	0	0.963	-2.563	-0.098	347.091	26.64	0	0	0	0	161
DATASONIC	1784349827	178417269	0	1.16	-2.574	-0.018	347.062	26.59	0	0	0	0	108
DATASONIC	1784349827	228419403	0	1.212	-2.307	-0.025	347.091	26.64	0	0	0	0	132
DATASONIC	1784349827	278334499	0	0.944	-2.558	-0.013	347.12	26.69	0	0	0	0	114
DATASONIC	1784349827	328310176	0	1.067	-2.402	0.053	347.08	26.62	0	0	0	0	038
DATAGPS	1784349827	0	0	41.0437433333	-107.680095	1899.2	10	0.9	-14.5	0	0	048
DATASONIC	1784349827	378287603	0	1.008	-2.454	0.028	347.091	26.64	0	0	0	0	107
DATASONIC	1784349827	428228239	0	1.183	-2.42	0.254	347.132	26.71	0	0	0	0	047
DATASONIC	1784349827	478177715	0	1.255	-2.35	0.237	347.138	26.72	0	0	0	0	064
DATASONIC	1784349827	528174023	0	1.277	-2.175	0.309	347.091	26.64	0	0	0	0	105
DATASONIC	1784349827	578124041	0	1.141	-2.269	0.209	347.051	26.57	0	0	0	0	096
DATASONIC	1784349827	628043934	0	1.26	-2.357	0.036	347.039	26.55	0	0	0	0	057
DATASONIC	1784349827	678005285	0	1.197	-2.46	0.079	347.109	26.67	0	0	0	0	071
DATASONIC	1784349827	727994635	0	1.204	-2.284	0.102	347.068	26.6	0	0	0	0	059
DATASONIC	1784349827	777957027	0	1.123	-2.328	0.129	347.068	26.6	0	0	0	0	066
DATASONIC	1784349827	827925002	0	1.272	-2.158	-0.018	347.068	26.6	0	0	0	0	098
DATASONIC	1784349827	877842604	0	1.307	-2.224	0.009	347.12	26.69	0	0	0	0	055
DATASONIC	1784349827	927809746	0	1.302	-2.322	0.166	347.109	26.67	0	0	0	0	112
DATASONIC	1784349827	977789346	0	1.215	-2.326	0.222	347.091	26.64	0	0	0	0	117
DATASONIC	1784349828	27729406	0	1.155	-2.255	0.156	347.091	26.64	0	0	0	0	057
DATASONIC	1784349828	77707797	0	1.31	-2.287	0.254	347.08	26.62	0	0	0	0	224
DATASONIC	1784349828	127650982	0	1.118	-2.333	0.171	347.051	26.57	0	0	0	0	099
DATASONIC	1784349828	177596500	0	1.187	-2.318	0.266	347.022	26.52	0	0	0	0	106
DATASONIC	1784349828	227573975	0	1.225	-2.25	0.102	347.028	26.53	0	0	0	0	049
DATASONIC	1784349828	277516992	0	1.218	-2.334	0.298	347.103	26.66	0	0	0	0	117
DATASONIC	1784349828	327484134	0	1.093	-2.3	0.223	347.091	26.64	0	0	0	0	251
DATAGPS	1784349828	0	0	41.0437433333	-107.680095	1899.2	10	0.9	-14.5	0	0	049
DATASONIC	1784349828	377488275	0	1.131	-2.254	0.229	347.132	26.71	0	0	0	0	107
DATASONIC	1784349828	427398378	0	1.196	-2.046	0.164	347.109	26.67	0	0	0	0	124
DATASONIC	1784349828	477374769	0	1.225	-2.132	0.224	347.068	26.6	0	0	0	0	062
DATASONIC	1784349828	527331703	0	1.218	-2.071	0.415	347.091	26.64	0	0	0	0	093
DATASONIC	1784349828	577320136	0	1.337	-2.158	0.481	347.12	26.69	0	0	0	0	057
DATASONIC	1784349828	627240780	0	1.322	-2.15	0.325	347.12	26.69	0	0	0	0	250
DATASONIC	1784349828	677238254	0	1.056	-2.065	0.276	347.132	26.71	0	0	0	0	108
DATASONIC	1784349828	727152690	0	1.1	-2.194	0.249	347.172	26.78	0	0	0	0	011
DATASONIC	1784349828	777127915	0	1.091	-2.12	0.234	347.109	26.67	0	0	0	0	056
DATASONIC	1784349828	827097140	0	1.13	-1.957	0.295	347.138	26.72	0	0	0	0	064
DATASONIC	1784349828	877074490	0	0.956	-1.935	0.168	347.109	26.67	0	0	0	0	132
DATASONIC	1784349828	927030299	0	1.185	-1.766	0.141	347.109	26.67	0	0	0	0	115
DATASONIC	1784349828	976966109	0	1.252	-1.859	0.127	347.12	26.69	0	0	0	0	076
DATASONIC	1784349829	26935751	0	1.077	-1.747	0.207	347.08	26.62	0	0	0	0	012
DATASONIC	1784349829	76881477	0	1.145	-1.612	0.237	347.091	26.64	0	0	0	0	064
DATASONIC	1784349829	126852035	0	1.108	-1.446	0.135	347.109	26.67	0	0	0	0	100
DATASONIC	1784349829	176792553	0	1.356	-1.505	0.074	347.091	26.64	0	0	0	0	113
DATASONIC	1784349829	226764528	0	1.34	-1.569	0.248	347.068	26.6	0	0	0	0	020
DATASONIC	1784349829	276714754	0	1.156	-1.47	0.248	347.12	26.69	0	0	0	0	015
DATASONIC	1784349829	326682646	0	1.494	-1.649	0.157	347.091	26.64	0	0	0	0	125
DATASONIC	1784349829	376659913	0	1.466	-1.6	0.114	347.068	26.6	0	0	0	0	222
DATAGPS	1784349829	0	0	41.0437433333	-107.680095	1899.2	10	0.9	-14.5	0	0	050
DATASONIC	1784349829	426600056	0	1.709	-1.438	0.132	346.993	26.47	0	0	0	0	110
DATASONIC	1784349829	476545195	0	1.668	-1.639	0.186	347.039	26.55	0	0	0	0	134
DATASONIC	1784349829	526518456	0	1.382	-1.758	0.223	347.051	26.57	0	0	0	0	113
DATASONIC	1784349829	576494926	0	1.495	-1.745	0.027	347.039	26.55	0	0	0	0	130
DATASONIC	1784349829	626441313	0	1.343	-1.769	0.112	347.051	26.57	0	0	0	0	097
DATASONIC	1784349829	676412282	0	1.489	-1.679	0.182	347.051	26.57	0	0	0	0	123
DATASONIC	1784349829	726368294	0	1.233	-2.042	0.225	347.022	26.52	0	0	0	0	095
DATASONIC	1784349829	776329347	0	1.298	-2.067	0.401	347.051	26.57	0	0	0	0	117
DATASONIC	1784349829	826295483	0	1.3	-2.042	0.564	347.051	26.57	0	0	0	0	007
DATASONIC	1784349829	876246828	0	1.428	-1.82	0.44	347.039	26.55	0	0	0	0	022
DATASONIC	1784349829	926183757	0	1.956	-1.581	0.219	347.039	26.55	0	0	0	0	129
DATASONIC	1784349829	976131394	0	1.939	-2.027	-0.076	347.103	26.66	0	0	0	0	161
DATASONIC	1784349830	26132904	0	1.961	-2.266	0.334	347.12	26.69	0	0	0	0	251
DATASONIC	1784349830	76108040	0	1.964	-2.054	-0.025	347.172	26.78	0	0	0	0	089
DATASONIC	1784349830	126025762	0	1.728	-2.293	0.176	347.172	26.78	0	0	0	0	107
DATASONIC	1784349830	175965899	0	1.479	-2.647	0.169	347.178	26.79	0	0	0	0	150
DATASONIC	1784349830	225965701	0	1.626	-2.302	0.022	347.149	26.74	0	0	0	0	091
DATASONIC	1784349830	275908838	0	1.516	-2.209	-0.311	347.161	26.76	0	0	0	0	150
DATASONIC	1784349830	325858308	0	1.569	-2.031	-0.618	347.19	26.81	0	0	0	0	103
DATASONIC	1784349830	375859485	0	1.521	-2.092	-0.504	347.213	26.85	0	0	0	0	152
DATAGPS	1784349830	0	0	41.0437433333	-107.680095	1899.2	10	0.9	-14.5	0	0	042
DATASONIC	1784349830	425777831	0	1.767	-1.909	-0.437	347.149	26.74	0	0	0	0	171
DATASONIC	1784349830	475778133	0	1.6	-1.858	-0.183	347.19	26.81	0	0	0	0	009
DATASONIC	1784349830	525708895	0	1.774	-1.945	-0.486	347.12	26.69	0	0	0	0	123
DATASONIC	1784349830	575666949	0	1.594	-1.553	-0.52	347.132	26.71	0	0	0	0	111
DATASONIC	1784349830	625614752	0	1.62	-1.71	-0.324	347.172	26.78	0	0	0	0	042
DATASONIC	1784349830	675592055	0	1.458	-1.332	-0.335	347.19	26.81	0	0	0	0	101
DATASONIC	1784349830	725550608	0	1.587	-1.34	-0.343	347.138	26.72	0	0	0	0	098
DATASONIC	1784349830	775501703	0	1.578	-1.697	-0.207	347.161	26.76	0	0	0	0	157
DATASONIC	1784349830	825467423	0	1.62	-1.87	0.139	347.132	26.71	0	0	0	0	000
DATASONIC	1784349830	875445475	0	1.684	-1.541	0.134	347.149	26.74	0	0	0	0	115
DATASONIC	1784349830	925376738	0	1.709	-1.615	0.208	347.132	26.71	0	0	0	0	107
DATASONIC	1784349830	975337833	0	1.732	-1.794	0.264	347.12	26.69	0	0	0	0	067
DATASONIC	1784349831	25332301	0	1.825	-1.69	0.16	347.08	26.62	0	0	0	0	142
DATASONIC	1784349831	75281563	0	1.711	-1.783	-0.178	347.091	26.64	0	0	0	0	103
DATASONIC	1784349831	125225200	0	1.607	-1.792	-0.462	347.091	26.64	0	0	0	0	133
DATASONIC	1784349831	175165546	0	1.511	-2.31	-0.375	347.12	26.69	0	0	0	0	040
DATASONIC	1784349831	225137307	0	1.512	-2.18	-0.237	347.109	26.67	0	0	0	0	086
DATASONIC	1784349831	275084361	0	1.191	-2.435	-0.448	347.109	26.67	0	0	0	0	150
DATASONIC	1784349831	325006082	0	1.507	-2.474	-0.444	347.103	26.66	0	0	0	0	133
DATASONIC	1784349831	374993051	0	1.543	-2.635	-0.493	347.161	26.76	0	0	0	0	156
DATAGPS	1784349831	0	0	41.0437433333	-107.680095	1899.2	10	0.9	-14.5	0	0	043
DATASONIC	1784349831	424926647	0	1.832	-2.528	-0.606	347.248	26.91	0	0	0	0	160
DATASONIC	1784349831	474902992	0	1.668	-2.45	-0.502	347.201	26.83	0	0	0	0	100
DATASONIC	1784349831	524860547	0	1.726	-2.158	-0.649	347.161	26.76	0	0	0	0	162
DATASONIC	1784349831	574809935	0	1.837	-2.47	-0.26	347.12	26.69	0	0	0	0	013
DATASONIC	1784349831	624767406	0	1.769	-1.972	-0.536	347.178	26.79	0	0	0	0	179
DATASONIC	1784349831	674725502	0	1.665	-2.412	-0.187	347.149	26.74	0	0	0	0	155
DATASONIC	1784349831	724689057	0	1.616	-2.505	-0.208	347.149	26.74	0	0	0	0	158
DATASONIC	1784349831	774650028	0	1.466	-2.39	-0.012	347.132	26.71	0	0	0	0	088
DATASONIC	1784349831	824596083	0	1.265	-2.398	0.052	347.103	26.66	0	0	0	0	108
DATASONIC	1784349831	874567554	0	1.358	-2.354	0.16	347.132	26.71	0	0	0	0	059
DATASONIC	1784349831	924506400	0	1.204	-2.473	0.17	347.12	26.69	0	0	0	0	243
DATASONIC	1784349831	974509703	0	1.21	-2.378	0.152	347.103	26.66	0	0	0	0	048
DATASONIC	1784349832	24450842	0	1.26	-2.449	0.045	347.062	26.59	0	0	0	0	253
DATASONIC	1784349832	74394605	0	1.465	-2.327	-0.036	347.091	26.64	0	0	0	0	099
DATASONIC	1784349832	124345827	0	1.504	-2.154	0.089	347.051	26.57	0	0	0	0	098
DATASONIC	1784349832	174313672	0	1.544	-2.308	0.118	347.028	26.53	0	0	0	0	094
DATASONIC	1784349832	224309476	0	1.44	-2.255	-0.005	347.022	26.52	0	0	0	0	078
DATASONIC	1784349832	274232031	0	1.866	-2.247	-0.162	347.01	26.5	0	0	0	0	029
DATASONIC	1784349832	324204627	0	1.613	-2.15	0.137	347.062	26.59	0	0	0	0	039
DATAGPS	1784349832	0	0	41.0437433333	-107.680095	1899.2	10	0.9	-14.5	0	0	044
DATASONIC	1784349832	374153224	0	1.461	-2.377	0.098	347.062	26.59	0	0	0	0	106
DATASONIC	1784349832	424124111	0	1.278	-2.401	0.177	347.051	26.57	0	0	0	0	083
DATASONIC	1784349832	474095457	0	1.202	-2.357	-0.026	347.103	26.66	0	0	0	0	141
DATASONIC	1784349832	524055386	0	1.2	-2.142	-0.176	347.12	26.69	0	0	0	0	244
DATASONIC	1784349832	574012732	0	1.369	-2.153	-0.189	347.213	26.85	0	0	0	0	148
DATASONIC	1784349832	623968829	0	1.014	-2.064	-0.277	347.213	26.85	0	0	0	0	156
DATASONIC	1784349832	673927800	0	1.375	-1.882	-0.122	347.149	26.74	0	0	0	0	157
DATASONIC	1784349832	723876230	0	1.432	-2.089	-0.41	347.138	26.72	0	0	0	0	095
DATASONIC	1784349832	773822743	0	1.288	-2.187	-0.33	347.132	26.71	0	0	0	0	102
DATASONIC	1784349832	823809380	0	1.383	-2.234	-0.282	347.248	26.91	0	0	0	0	153
DATASONIC	1784349832	873787809	0	1.235	-2.146	0.047	347.161	26.76	0	0	0	0	118
DATASONIC	1784349832	923724072	0	1.187	-2.212	0.427	347.062	26.59	0	0	0	0	100
DATASONIC	1784349832	973706543	0	1.277	-2.115	0.404	347.022	26.52	0	0	0	0	094
DATASONIC	1784349833	23649264	0	1.032	-2.104	-0.067	347.138	26.72	0	0	0	0	086
DATASONIC	1784349833	73625527	0	1.4	-2.084	-0.345	347.259	26.93	0	0	0	0	003
DATASONIC	1784349833	123573290	0	1.307	-1.979	-0.134	347.259	26.93	0	0	0	0	156
DATASONIC	1784349833	173513262	0	1.219	-2.216	0.162	347.19	26.81	0	0	0	0	040
DATASONIC	1784349833	223460900	0	1.405	-2.227	0.397	347.103	26.66	0	0	0	0	090
DATASONIC	1784349833	273432287	0	1.406	-2.366	0.341	347.028	26.53	0	0	0	0	098
DATASONIC	1784349833	323420257	0	1.376	-2.29	0.157	347.12	26.69	0	0	0	0	255
DATAGPS	1784349833	0	0	41.0437433333	-107.680095	1899.2	10	0.9	-14.5	0	0	045
DATASONIC	1784349833	373379395	0	1.59	-2.17	0.171	347.201	26.83	0	0	0	0	007
DATASONIC	1784349833	423296910	0	1.639	-1.924	-0.076	347.219	26.86	0	0	0	0	161
DATASONIC	1784349833	473264630	0	1.576	-1.926	0.008	347.201	26.83	0	0	0	0	100
DATASONIC	1784349833	523229560	0	1.83	-1.9	0.149	347.23	26.88	0	0	0	0	161
DATASONIC	1784349833	573186781	0	1.626	-1.923	0.073	347.219	26.86	0	0	0	0	118
DATASONIC	1784349833	623136502	0	1.652	-1.84	0.109	347.19	26.81	0	0	0	0	250
DATASONIC	1784349833	673110181	0	1.719	-1.899	0.332	347.219	26.86	0	0	0	0	113
DATASONIC	1784349833	723063361	0	1.764	-1.945	0.157	347.219	26.86	0	0	0	0	113
DATASONIC	1784349833	773023290	0	1.671	-1.731	0.093	347.219	26.86	0	0	0	0	104
DATASONIC	1784349833	823008719	0	1.543	-2.019	0.147	347.178	26.79	0	0	0	0	113
DATASONIC	1784349833	872963190	0	1.662	-1.757	0.254	347.178	26.79	0	0	0	0	129
DATASONIC	1784349833	922906745	0	1.808	-1.794	0.335	347.23	26.88	0	0	0	0	072
DATASONIC	1784349833	972861466	0	1.71	-1.385	0.343	347.172	26.78	0	0	0	0	068
DATASONIC	1784349834	22847395	0	1.858	-1.721	0.379	347.219	26.86	0	0	0	0	077
DATASONIC	1784349834	72800158	0	1.613	-1.73	0.249	347.19	26.81	0	0	0	0	206
DATASONIC	1784349834	122755296	0	1.47	-1.941	0.44	347.103	26.66	0	0	0	0	001
DATASONIC	1784349834	172697226	0	1.641	-2.098	0.28	347.149	26.74	0	0	0	0	067
DATASONIC	1784349834	222663405	0	1.42	-1.519	-0.103	347.201	26.83	0	0	0	0	075
DATASONIC	1784349834	272630293	0	1.492	-1.582	0.111	347.201	26.83	0	0	0	0	090
DATASONIC	1784349834	322578472	0	1.494	-1.595	0.191	347.19	26.81	0	0	0	0	067
DATASONIC	1784349834	372576150	0	1.857	-1.848	0.037	347.103	26.66	0	0	0	0	111
DATAGPS	1784349834	0	0	41.0437433333	-107.680095	1899.2	10	0.9	-14.5	0	0	046
DATASONIC	1784349834	422500456	0	1.878	-1.724	-0.139	347.149	26.74	0	0	0	0	156
DATASONIC	1784349834	472482718	0	1.648	-1.851	-0.281	347.201	26.83	0	0	0	0	154
DATASONIC	1784349834	522454980	0	1.423	-2.191	-0.368	347.201	26.83	0	0	0	0	145
DATASONIC	1784349834	572437201	0	1.346	-2.082	-0.204	347.201	26.83	0	0	0	0	129
DATASONIC	1784349834	622362756	0	1.631	-2.206	-0.109	347.172	26.78	0	0	0	0	147
DATASONIC	1784349834	672305853	0	1.397	-1.965	-0.166	347.19	26.81	0	0	0	0	116
DATASONIC	1784349834	722277574	0	1.55	-2.172	0.379	347.19	26.81	0	0	0	0	015
DATASONIC	1784349834	772222712	0	1.201	-2.227	0.149	347.172	26.78	0	0	0	0	095
DATASONIC	1784349834	822190350	0	1.076	-2.282	0.189	347.132	26.71	0	0	0	0	097
DATASONIC	1784349834	872188236	0	0.999	-2.243	0.039	347.109	26.67	0	0	0	0	125
DATASONIC	1784349834	922127916	0	0.966	-2.391	0.001	347.051	26.57	0	0	0	0	101
DATASONIC	1784349834	972104262	0	0.948	-2.494	-0.101	347.161	26.76	0	0	0	0	148
DATASONIC	1784349835	22049775	0	1.154	-2.153	-0.315	347.172	26.78	0	0	0	0	097
DATASONIC	1784349835	72021454	0	1.111	-2.255	-0.321	347.201	26.83	0	0	0	0	068
DATASONIC	1784349835	121945010	0	1.025	-2.313	-0.246	347.178	26.79	0	0	0	0	137
DATASONIC	1784349835	171917730	0	0.957	-2.049	-0.111	347.19	26.81	0	0	0	0	099
DATASONIC	1784349835	221866868	0	0.998	-2.112	-0.209	347.161	26.76	0	0	0	0	164
DATASONIC	1784349835	271803799	0	0.808	-2.135	-0.34	347.138	26.72	0	0	0	0	106
DATASONIC	1784349835	321793935	0	0.743	-2.27	-0.361	347.172	26.78	0	0	0	0	107
DATASONIC	1784349835	371751073	0	0.896	-2.236	0.125	347.12	26.69	0	0	0	0	056
DATAGPS	1784349835	0	0	41.0437433333	-107.680095	1899.2	10	0.9	-14.5	0	0	047
DATASONIC	1784349835	421714294	0	0.836	-2.436	0.361	347.149	26.74	0	0	0	0	109
DATASONIC	1784349835	471670473	0	0.698	-2.26	0.7	347.149	26.74	0	0	0	0	224
DATASONIC	1784349835	521612943	0	0.505	-2.17	0.676	347.149	26.74	0	0	0	0	057
DATASONIC	1784349835	571609536	0	0.774	-2.039	0.655	347.132	26.71	0	0	0	0	112
DATASONIC	1784349835	621535049	0	0.996	-1.746	0.658	347.103	26.66	0	0	0	0	120
DATASONIC	1784349835	671526434	0	1.013	-1.852	0.656	347.149	26.74	0	0	0	0	109
DATASONIC	1784349835	721447863	0	1.351	-1.848	0.5	347.132	26.71	0	0	0	0	004
DATASONIC	1784349835	771419583	0	0.865	-1.585	0.247	347.132	26.71	0	0	0	0	118
DATASONIC	1784349835	821412093	0	0.875	-1.661	0.227	347.19	26.81	0	0	0	0	054
DATASONIC	1784349835	871361105	0	0.907	-1.911	0.158	347.149	26.74	0	0	0	0	107
DATASONIC	1784349835	921279284	0	0.574	-1.869	0.032	347.178	26.79	0	0	0	0	129
DATASONIC	1784349835	971281836	0	0.494	-1.876	0.235	347.12	26.69	0	0	0	0	072
DATASONIC	1784349836	21248305	0	1.087	-1.816	0.486	347.08	26.62	0	0	0	0	004
DATASONIC	1784349836	71198067	0	0.951	-1.856	0.441	347.12	26.69	0	0	0	0	014
DATASONIC	1784349836	121119454	0	0.696	-2.208	0.24	347.091	26.64	0	0	0	0	048
DATASONIC	1784349836	171116423	0	0.858	-2.554	0.19	347.132	26.71	0	0	0	0	048
DATASONIC	1784349836	221037560	0	0.969	-2.369	0.16	347.103	26.66	0	0	0	0	054
DATASONIC	1784349836	271003530	0	0.818	-2.305	0.367	347.12	26.69	0	0	0	0	043
DATASONIC	1784349836	320950750	0	0.681	-2.213	0.336	347.109	26.67	0	0	0	0	098
DATASONIC	1784349836	370919344	0	0.785	-2.305	0.344	347.068	26.6	0	0	0	0	062
DATAGPS	1784349836	0	0	41.0437433333	-107.680095	1899.2	10	0.9	-14.5	0	0	048
DATASONIC	1784349836	420893897	0	0.892	-2.24	0.147	347.103	26.66	0	0	0	0	066
DATASONIC	1784349836	470839575	0	0.882	-2.219	0.172	347.091	26.64	0	0	0	0	119
DATASONIC	1784349836	520826669	0	0.851	-2.25	0.027	347.109	26.67	0	0	0	0	060
DATASONIC	1784349836	570758723	0	0.989	-2.316	-0.109	347.068	26.6	0	0	0	0	118
DATASONIC	1784349836	620730692	0	0.803	-2.302	-0.047	347.08	26.62	0	0	0	0	086
DATASONIC	1784349836	670701828	0	0.867	-2.391	-0.113	347.08	26.62	0	0	0	0	102
DATASONIC	1784349836	720638549	0	0.834	-2.328	-0.196	347.068	26.6	0	0	0	0	116
DATASONIC	1784349836	770591602	0	1.017	-2.141	-0.196	347.062	26.59	0	0	0	0	146
DATASONIC	1784349836	820556946	0	1.184	-1.904	0.118	347.039	26.55	0	0	0	0	114
DATASONIC	1784349836	870536624	0	1.252	-2.131	0	346.999	26.48	0	0	0	0	171
DATASONIC	1784349836	920453178	0	1.359	-2.176	-0.077	347.068	26.6	0	0	0	0	113
DATASONIC	1784349836	970453521	0	1.161	-2.125	-0.117	347.062	26.59	0	0	0	0	140
DATASONIC	1784349837	20370076	0	1.28	-1.883	-0.329	347.051	26.57	0	0	0	0	047
DATASONIC	1784349837	70367919	0	1.102	-1.872	-0.212	347.062	26.59	0	0	0	0	098
DATASONIC	1784349837	120314889	0	0.833	-2.15	-0.306	347.068	26.6	0	0	0	0	046
DATASONIC	1784349837	170291234	0	0.902	-2.066	-0.153	347.051	26.57	0	0	0	0	136
DATASONIC	1784349837	220251536	0	0.798	-2.129	-0.219	346.999	26.48	0	0	0	0	169
DATASONIC	1784349837	270176966	0	0.842	-1.999	0.058	346.999	26.48	0	0	0	0	147
DATASONIC	1784349837	320165934	0	0.813	-1.792	0.098	347.028	26.53	0	0	0	0	109
DATASONIC	1784349837	370101405	0	1.023	-1.649	0.154	347.039	26.55	0	0	0	0	089
DATAGPS	1784349837	0	0	41.0437433333	-107.680095	1899.2	10	0.9	-14.5	0	0	049
DATASONIC	1784349837	420040792	0	0.967	-1.563	0.048	347.022	26.52	0	0	0	0	098
DATASONIC	1784349837	470013674	0	1.104	-1.406	0.155	347.039	26.55	0	0	0	0	092
DATASONIC	1784349837	520002929	0	1.057	-1.033	0.064	347.062	26.59	0	0	0	0	091
DATASONIC	1784349837	569929561	0	1.131	-1.442	0.057	347.08	26.62	0	0	0	0	059
DATASONIC	1784349837	619903275	0	1.15	-1.472	0.143	347.062	26.59	0	0	0	0	055
DATASONIC	1784349837	669873655	0	1.313	-1.49	-0.218	347.062	26.59	0	0	0	0	117
DATASONIC	1784349837	719808787	0	1.039	-1.825	-0.1	347.022	26.52	0	0	0	0	055
DATASONIC	1784349837	769768001	0	1.544	-1.472	0.006	346.993	26.47	0	0	0	0	119
DATASONIC	1784349837	819735882	0	1.503	-1.367	0.073	347.01	26.5	0	0	0	0	007
DATASONIC	1784349837	869707221	0	1.363	-1.768	0.257	346.981	26.45	0	0	0	0	127
DATASONIC	1784349837	919653894	0	1.338	-1.937	0.272	346.941	26.38	0	0	0	0	134
DATASONIC	1784349837	969603358	0	1.368	-2.133	0.081	346.958	26.41	0	0	0	0	121
DATASONIC	1784349838	19598238	0	1.323	-2.22	0.01	347.01	26.5	0	0	0	0	094
DATASONIC	1784349838	69523620	0	1.487	-2.291	-0.131	346.941	26.38	0	0	0	0	104
DATASONIC	1784349838	119489751	0	1.536	-2.109	-0.082	346.952	26.4	0	0	0	0	109
DATASONIC	1784349838	169461839	0	1.552	-1.931	0.028	346.941	26.38	0	0	0	0	119
DATASONIC	1784349838	219405679	0	1.656	-1.551	0.04	346.97	26.43	0	0	0	0	014
DATASONIC	1784349838	269379101	0	1.473	-2.071	0.115	346.941	26.38	0	0	0	0	105
DATASONIC	1784349838	319323983	0	1.394	-1.842	0.079	346.981	26.45	0	0	0	0	126
DATASONIC	1784349838	369296030	0	1.402	-1.889	0.066	346.958	26.41	0	0	0	0	120
DATAGPS	1784349838	0	0	41.0437433333	-107.680095	1899.2	10	0.9	-14.5	0	0	050
DATASONIC	1784349838	419241244	0	1.306	-1.668	0.158	346.958	26.41	0	0	0	0	113
DATASONIC	1784349838	469247207	0	0.997	-2.008	0.263	346.981	26.45	0	0	0	0	124
DATASONIC	1784349838	519172839	0	1.391	-2.008	0.23	346.929	26.36	0	0	0	0	065
DATADAQM	1784349840	0	10209	-7.6048e-06	-1.62556e-05	-5.00945e-06	0.059	27.1	0.124	26.1	0.117	26.3	0.093	21.6	0.36	18.6	0.583	16.9	22.4765	24.819	7.329e-05	-3.22813	6.28143e-05	-9.07826	7.12962e-05	-1.79913	-2.14553	1.52678	395.614	438.347	24.4711	-46.4053	-0.721696	25.1464	41.3032	-0.000665508	0	nan	55.9973	26.1713	12.2873	29.8672	15	0.01215	25.5209	221
DATASONIC	1784349838	569126512	0	1.538	-2.164	0.325	346.952	26.4	0	0	0	0	059
DATASONIC	1784349838	619078185	0	1.514	-2.155	0.231	346.923	26.35	0	0	0	0	107
DATASONIC	1784349838	669073523	0	1.539	-2.294	0.155	346.999	26.48	0	0	0	0	136
DATASONIC	1784349838	719038987	0	1.362	-2.356	0.372	346.981	26.45	0	0	0	0	129
DATASONIC	1784349838	768978952	0	1.364	-2.222	0.406	347.028	26.53	0	0	0	0	122
DATASONIC	1784349838	818944707	0	2.03	-2.167	0.141	347.062	26.59	0	0	0	0	060
DATASONIC	1784349838	868899172	0	1.853	-2.344	-0.102	347.19	26.81	0	0	0	0	118
DATASONIC	1784349838	918837220	0	1.785	-2.488	-0.249	347.271	26.95	0	0	0	0	178
DATASONIC	1784349838	968809267	0	1.591	-2.719	-0.263	347.201	26.83	0	0	0	0	171
DATASONIC	1784349839	18770065	0	1.602	-2.735	-0.46	347.288	26.98	0	0	0	0	066
DATASONIC	1784349839	68767319	0	1.883	-2.763	-0.29	347.288	26.98	0	0	0	0	092
DATASONIC	1784349839	118688285	0	1.812	-2.848	-0.45	347.242	26.9	0	0	0	0	068
DATASONIC	1784349839	168662665	0	1.822	-2.791	-0.512	347.3	27	0	0	0	0	165
DATASONIC	1784349839	218625963	0	1.798	-2.653	-0.613	347.242	26.9	0	0	0	0	119
DATASONIC	1784349839	268575969	0	1.754	-2.799	-0.648	347.271	26.95	0	0	0	0	200
DATASONIC	1784349839	318539058	0	1.621	-2.642	-0.685	347.3	27	0	0	0	0	164
DATASONIC	1784349839	368467273	0	1.463	-2.36	-0.302	347.213	26.85	0	0	0	0	104
DATAGPS	1784349839	0	0	41.0437433333	-107.680095	1899.2	10	0.9	-14.5	0	0	051
DATASONIC	1784349839	418459820	0	1.305	-2.415	-0.15	347.201	26.83	0	0	0	0	091
DATASONIC	1784349839	468385915	0	1.186	-2.153	-0.017	347.19	26.81	0	0	0	0	112
DATASONIC	1784349839	518382014	0	1.695	-2.243	0.001	347.138	26.72	0	0	0	0	098
DATASONIC	1784349839	568358447	0	1.823	-1.927	-0.171	347.19	26.81	0	0	0	0	120
DATASONIC	1784349839	618279006	0	1.72	-1.994	0.09	347.132	26.71	0	0	0	0	011
DATASONIC	1784349839	668276438	0	1.586	-1.815	0.187	347.19	26.81	0	0	0	0	084
DATASONIC	1784349839	718208748	0	1.848	-1.679	-0.047	347.109	26.67	0	0	0	0	180
DATASONIC	1784349839	768169515	0	1.963	-1.507	0.064	347.109	26.67	0	0	0	0	125
DATASONIC	1784349839	818126448	0	1.785	-1.854	-0.122	347.08	26.62	0	0	0	0	111
DATASONIC	1784349839	868110214	0	1.491	-2.411	0.031	347.062	26.59	0	0	0	0	092
DATASONIC	1784349839	918052648	0	1.146	-2.161	-0.18	347.103	26.66	0	0	0	0	099
DATASONIC	1784349839	968024247	0	1.398	-2.186	0.136	347.068	26.6	0	0	0	0	074
DATASONIC	1784349840	17968473	0	1.607	-1.962	0.059	347.103	26.66	0	0	0	0	063
DATASONIC	1784349840	67942823	0	1.502	-1.805	-0.117	347.109	26.67	0	0	0	0	096
DATASONIC	1784349840	117862424	0	1.491	-2.007	-0.235	347.062	26.59	0	0	0	0	140
DATASONIC	1784349840	167834524	0	1.502	-2.046	-0.057	347.022	26.52	0	0	0	0	132
DATASONIC	1784349840	217799874	0	1.537	-2.026	0.032	346.97	26.43	0	0	0	0	063
DATASONIC	1784349840	267753349	0	1.215	-1.829	0.232	347.01	26.5	0	0	0	0	252
DATASONIC	1784349840	317726407	0	0.996	-2.217	0.326	346.941	26.38	0	0	0	0	112
DATASONIC	1784349840	367694507	0	1.361	-2.183	0.522	346.86	26.24	0	0	0	0	056
DATAGPS	1784349840	0	0	41.0437433333	-107.680095	1899.2	10	0.9	-14.5	0	0	043
DATAEVENT	GPS	GPS 18x-LVC software ver. 4.40
DATASONIC	1784349840	417648982	0	1.242	-2.202	0.553	346.848	26.22	0	0	0	0	104
DATASONIC	1784349840	467616540	0	1.229	-2.254	0.588	346.819	26.17	0	0	0	0	116
DATASONIC	1784349840	517576723	0	1.162	-2.087	0.577	346.941	26.38	0	0	0	0	117
DATASONIC	1784349840	567555573	0	1.267	-2.002	0.538	346.958	26.41	0	0	0	0	114
DATASONIC	1784349840	617477466	0	0.908	-2	0.089	347.028	26.53	0	0	0	0	172
DATASONIC	1784349840	667448190	0	1.027	-2.107	-0.2	346.993	26.47	0	0	0	0	051
DATASONIC	1784349840	717410415	0	1.245	-2.281	-0.333	347.178	26.79	0	0	0	0	145
DATASONIC	1784349840	767368849	0	1.575	-2.607	-0.49	347.178	26.79	0	0	0	0	137
DATASONIC	1784349840	817331949	0	1.952	-2.82	0.01	347.138	26.72	0	0	0	0	004
DATASONIC	1784349840	867258258	0	1.571	-2.642	-0.343	347.132	26.71	0	0	0	0	152
DATASONIC	1784349840	917190943	0	1.583	-2.894	-0.395	347.149	26.74	0	0	0	0	174
DATASONIC	1784349840	967173334	0	1.519	-2.973	-0.534	347.149	26.74	0	0	0	0	166
DATASONIC	1784349841	17119059	0	1.633	-3.162	-0.092	347.103	26.66	0	0	0	0	087
DATASONIC	1784349841	67065243	0	1.526	-2.623	0.088	347.109	26.67	0	0	0	0	056
DATASONIC	1784349841	116984761	0	1.751	-2.696	-0.067	347.091	26.64	0	0	0	0	163
DATASONIC	1784349841	167006484	0	1.668	-2.582	0.027	347.132	26.71	0	0	0	0	102
DATASONIC	1784349841	216948293	0	1.611	-2.321	-0.344	347.103	26.66	0	0	0	0	138
DATASONIC	1784349841	266912685	0	1.834	-2.396	-0.17	347.062	26.59	0	0	0	0	113
DATASONIC	1784349841	316842994	0	2.015	-2.581	-0.189	347.103	26.66	0	0	0	0	154
DATASONIC	1784349841	366818552	0	1.939	-2.207	-0.036	347.149	26.74	0	0	0	0	161
DATAGPS	1784349841	0	0	41.0437433333	-107.680095	1899.2	10	0.9	-14.5	0	0	044
DATASONIC	1784349841	416784527	0	1.649	-2.118	-0.242	347.109	26.67	0	0	0	0	157
DATASONIC	1784349841	466734627	0	1.395	-2.944	0.051	347.109	26.67	0	0	0	0	116
DATASONIC	1784349841	516698312	0	1.677	-2.984	-0.133	347.109	26.67	0	0	0	0	165
DATASONIC	1784349841	566679162	0	1.923	-3.072	-0.292	347.039	26.55	0	0	0	0	160
DATASONIC	1784349841	616626097	0	2.014	-2.895	-0.243	347.01	26.5	0	0	0	0	043
DATASONIC	1784349841	666569032	0	1.733	-3.019	-0.127	347.039	26.55	0	0	0	0	152
DATASONIC	1784349841	716555465	0	2.262	-3.194	-0.072	347.132	26.71	0	0	0	0	146
DATASONIC	1784349841	766466651	0	2.194	-2.755	0.482	347.051	26.57	0	0	0	0	119
DATASONIC	1784349841	816424711	0	2.331	-2.561	-0.108	347.132	26.71	0	0	0	0	130
DATASONIC	1784349841	866403103	0	1.987	-2.532	-0.337	347.138	26.72	0	0	0	0	152
DATASONIC	1784349841	916321747	0	1.904	-2.833	-0.251	347.138	26.72	0	0	0	0	149
DATASONIC	1784349841	966321972	0	1.938	-2.936	-0.385	347.213	26.85	0	0	0	0	171
DATASONIC	1784349842	16288156	0	2.116	-2.668	-0.515	347.109	26.67	0	0	0	0	106
DATASONIC	1784349842	66238924	0	1.619	-3.372	-0.154	347.039	26.55	0	0	0	0	107
DATASONIC	1784349842	116184817	0	1.704	-2.931	-0.268	347.028	26.53	0	0	0	0	149
DATASONIC	1784349842	166158001	0	1.683	-2.946	-0.072	347.022	26.52	0	0	0	0	138
DATASONIC	1784349842	216120394	0	1.712	-2.856	0.017	347.138	26.72	0	0	0	0	095